[     109ms] [LOG] [Fast Refresh] rebuilding @ http://localhost:3000/_next/static/chunks/e00ff_next_dist_client_2572762d._.js:5956
[     111ms] [LOG] [Fast Refresh] done in 102ms @ http://localhost:3000/_next/static/chunks/e00ff_next_dist_client_2572762d._.js:5816
[     282ms] [INFO] %cDownload the React DevTools for a better development experience: https://react.dev/link/react-devtools font-weight:bold @ http://localhost:3000/_next/static/chunks/e00ff_next_dist_compiled_react-dom_83ad35ed._.js:14537
[     388ms] [LOG] Google Analytics initialized with denied consent @ :10
[     392ms] [LOG] Google Analytics consent restored: granted @ http://localhost:3000/_next/static/chunks/projects_uvibes-sitevitrine_src_components_12a11f02._.js:34
[     409ms] [WARNING] Image with src "http://localhost:3000/images/Vibration-right.svg" has either width or height modified, but not the other. If you use CSS to change the size of your image, also include the styles 'width: "auto"' or 'height: "auto"' to maintain the aspect ratio. @ http://localhost:3000/_next/static/chunks/e00ff_next_dist_401433b6._.js:1014
[  530114ms] [LOG] [Fast Refresh] rebuilding @ http://localhost:3000/_next/static/chunks/e00ff_next_dist_client_2572762d._.js:5956
[  530148ms] [LOG] [Fast Refresh] done in 134ms @ http://localhost:3000/_next/static/chunks/e00ff_next_dist_client_2572762d._.js:5816
[  558363ms] [LOG] [Fast Refresh] rebuilding @ http://localhost:3000/_next/static/chunks/e00ff_next_dist_client_2572762d._.js:5956
[  558392ms] [LOG] [Fast Refresh] done in 19ms @ http://localhost:3000/_next/static/chunks/e00ff_next_dist_client_2572762d._.js:5816
[  566323ms] [LOG] [Fast Refresh] rebuilding @ http://localhost:3000/_next/static/chunks/e00ff_next_dist_client_2572762d._.js:5956
[  566380ms] [LOG] [Fast Refresh] done in 157ms @ http://localhost:3000/_next/static/chunks/e00ff_next_dist_client_2572762d._.js:5816
[  572330ms] [LOG] [Fast Refresh] rebuilding @ http://localhost:3000/_next/static/chunks/e00ff_next_dist_client_2572762d._.js:5956
[  572338ms] [LOG] [Fast Refresh] done in 109ms @ http://localhost:3000/_next/static/chunks/e00ff_next_dist_client_2572762d._.js:5816
[  583920ms] [LOG] [Fast Refresh] rebuilding @ http://localhost:3000/_next/static/chunks/e00ff_next_dist_client_2572762d._.js:5956
[  583997ms] [LOG] [Fast Refresh] done in 177ms @ http://localhost:3000/_next/static/chunks/e00ff_next_dist_client_2572762d._.js:5816
[  596125ms] [LOG] [Fast Refresh] rebuilding @ http://localhost:3000/_next/static/chunks/e00ff_next_dist_client_2572762d._.js:5956
[  596162ms] [LOG] [Fast Refresh] done in 137ms @ http://localhost:3000/_next/static/chunks/e00ff_next_dist_client_2572762d._.js:5816
[  809240ms] [LOG] [Fast Refresh] rebuilding @ http://localhost:3000/_next/static/chunks/e00ff_next_dist_client_2572762d._.js:5956
[  810831ms] [ERROR] ./projects/uvibes-sitevitrine/src/app/solution/page.tsx:4:1
Module not found: Can't resolve '@/components/JsonLd'
  2 | import { PartnerBanner } from "@/components/banner/partnerBanner";
  3 | import Footer from "@/components/footer/Footer";
> 4 | import JsonLd from "@/components/JsonLd";
    | ^^^^^^^^^^^^^^^^^^^^^^^^^^^^^^^^^^^^^^^^^
  5 | import FloatingMenu from "@/components/menu/Menu";
  6 | import { AppointmentSection } from "@/components/section/appointmentSection";
  7 | import SolutionTabs from "@/components/solution/SolutionTabs";

https://nextjs.org/docs/messages/module-not-found @ http://localhost:3000/_next/static/chunks/e00ff_next_dist_401433b6._.js:2405
[  810834ms] [ERROR] ./projects/uvibes-sitevitrine/src/app/solution/page.tsx:1:1
Module not found: Can't resolve '@/components/banner/heroBanner'
> 1 | import { HeroBanner } from "@/components/banner/heroBanner";
    | ^^^^^^^^^^^^^^^^^^^^^^^^^^^^^^^^^^^^^^^^^^^^^^^^^^^^^^^^^^^^
  2 | import { PartnerBanner } from "@/components/banner/partnerBanner";
  3 | import Footer from "@/components/footer/Footer";
  4 | import JsonLd from "@/components/JsonLd";

https://nextjs.org/docs/messages/module-not-found @ http://localhost:3000/_next/static/chunks/e00ff_next_dist_401433b6._.js:2405
[  810834ms] [ERROR] ./projects/uvibes-sitevitrine/src/app/solution/page.tsx:2:1
Module not found: Can't resolve '@/components/banner/partnerBanner'
  1 | import { HeroBanner } from "@/components/banner/heroBanner";
> 2 | import { PartnerBanner } from "@/components/banner/partnerBanner";
    | ^^^^^^^^^^^^^^^^^^^^^^^^^^^^^^^^^^^^^^^^^^^^^^^^^^^^^^^^^^^^^^^^^^
  3 | import Footer from "@/components/footer/Footer";
  4 | import JsonLd from "@/components/JsonLd";
  5 | import FloatingMenu from "@/components/menu/Menu";

https://nextjs.org/docs/messages/module-not-found @ http://localhost:3000/_next/static/chunks/e00ff_next_dist_401433b6._.js:2405
[  810834ms] [ERROR] ./projects/uvibes-sitevitrine/src/app/layout.tsx:1:1
Module not found: Can't resolve '@/components/cookieConsent'
> 1 | import CookieConsent from "@/components/cookieConsent";
    | ^^^^^^^^^^^^^^^^^^^^^^^^^^^^^^^^^^^^^^^^^^^^^^^^^^^^^^^
  2 | import MaintenanceWrapper from "@/components/maintenance/MaintenanceWrapper";
  3 | import { getMaintenanceStatus } from "@/lib/maintenanceState";
  4 | import { OG_IMAGE_DEFAULT, PAGE_SEO, SITE_NAME, SITE_URL } from "@/lib/seo";

https://nextjs.org/docs/messages/module-not-found @ http://localhost:3000/_next/static/chunks/e00ff_next_dist_401433b6._.js:2405
[  810834ms] [ERROR] ./projects/uvibes-sitevitrine/src/app/solution/page.tsx:3:1
Module not found: Can't resolve '@/components/footer/Footer'
  1 | import { HeroBanner } from "@/components/banner/heroBanner";
  2 | import { PartnerBanner } from "@/components/banner/partnerBanner";
> 3 | import Footer from "@/components/footer/Footer";
    | ^^^^^^^^^^^^^^^^^^^^^^^^^^^^^^^^^^^^^^^^^^^^^^^^
  4 | import JsonLd from "@/components/JsonLd";
  5 | import FloatingMenu from "@/components/menu/Menu";
  6 | import { AppointmentSection } from "@/components/section/appointmentSection";

https://nextjs.org/docs/messages/module-not-found @ http://localhost:3000/_next/static/chunks/e00ff_next_dist_401433b6._.js:2405
[  810834ms] [ERROR] ./projects/uvibes-sitevitrine/src/app/layout.tsx:2:1
Module not found: Can't resolve '@/components/maintenance/MaintenanceWrapper'
  1 | import CookieConsent from "@/components/cookieConsent";
> 2 | import MaintenanceWrapper from "@/components/maintenance/MaintenanceWrapper";
    | ^^^^^^^^^^^^^^^^^^^^^^^^^^^^^^^^^^^^^^^^^^^^^^^^^^^^^^^^^^^^^^^^^^^^^^^^^^^^^
  3 | import { getMaintenanceStatus } from "@/lib/maintenanceState";
  4 | import { OG_IMAGE_DEFAULT, PAGE_SEO, SITE_NAME, SITE_URL } from "@/lib/seo";
  5 | import type { Metadata } from "next";

https://nextjs.org/docs/messages/module-not-found @ http://localhost:3000/_next/static/chunks/e00ff_next_dist_401433b6._.js:2405
[  810835ms] [ERROR] ./projects/uvibes-sitevitrine/src/app/solution/page.tsx:5:1
Module not found: Can't resolve '@/components/menu/Menu'
  3 | import Footer from "@/components/footer/Footer";
  4 | import JsonLd from "@/components/JsonLd";
> 5 | import FloatingMenu from "@/components/menu/Menu";
    | ^^^^^^^^^^^^^^^^^^^^^^^^^^^^^^^^^^^^^^^^^^^^^^^^^^
  6 | import { AppointmentSection } from "@/components/section/appointmentSection";
  7 | import SolutionTabs from "@/components/solution/SolutionTabs";
  8 | import { buildMetadata, SITE_URL } from "@/lib/seo";

https://nextjs.org/docs/messages/module-not-found @ http://localhost:3000/_next/static/chunks/e00ff_next_dist_401433b6._.js:2405
[  810835ms] [ERROR] ./projects/uvibes-sitevitrine/src/app/solution/page.tsx:6:1
Module not found: Can't resolve '@/components/section/appointmentSection'
  4 | import JsonLd from "@/components/JsonLd";
  5 | import FloatingMenu from "@/components/menu/Menu";
> 6 | import { AppointmentSection } from "@/components/section/appointmentSection";
    | ^^^^^^^^^^^^^^^^^^^^^^^^^^^^^^^^^^^^^^^^^^^^^^^^^^^^^^^^^^^^^^^^^^^^^^^^^^^^^
  7 | import SolutionTabs from "@/components/solution/SolutionTabs";
  8 | import { buildMetadata, SITE_URL } from "@/lib/seo";
  9 | import type { Metadata } from "next";

https://nextjs.org/docs/messages/module-not-found @ http://localhost:3000/_next/static/chunks/e00ff_next_dist_401433b6._.js:2405
[  810835ms] [ERROR] ./projects/uvibes-sitevitrine/src/app/solution/page.tsx:7:1
Module not found: Can't resolve '@/components/solution/SolutionTabs'
   5 | import FloatingMenu from "@/components/menu/Menu";
   6 | import { AppointmentSection } from "@/components/section/appointmentSection";
>  7 | import SolutionTabs from "@/components/solution/SolutionTabs";
     | ^^^^^^^^^^^^^^^^^^^^^^^^^^^^^^^^^^^^^^^^^^^^^^^^^^^^^^^^^^^^^^
   8 | import { buildMetadata, SITE_URL } from "@/lib/seo";
   9 | import type { Metadata } from "next";
  10 |

https://nextjs.org/docs/messages/module-not-found @ http://localhost:3000/_next/static/chunks/e00ff_next_dist_401433b6._.js:2405
[  810835ms] [ERROR] ./projects/uvibes-sitevitrine/src/app/layout.tsx:3:1
Module not found: Can't resolve '@/lib/maintenanceState'
  1 | import CookieConsent from "@/components/cookieConsent";
  2 | import MaintenanceWrapper from "@/components/maintenance/MaintenanceWrapper";
> 3 | import { getMaintenanceStatus } from "@/lib/maintenanceState";
    | ^^^^^^^^^^^^^^^^^^^^^^^^^^^^^^^^^^^^^^^^^^^^^^^^^^^^^^^^^^^^^^
  4 | import { OG_IMAGE_DEFAULT, PAGE_SEO, SITE_NAME, SITE_URL } from "@/lib/seo";
  5 | import type { Metadata } from "next";
  6 | import { Roboto } from "next/font/google";

https://nextjs.org/docs/messages/module-not-found @ http://localhost:3000/_next/static/chunks/e00ff_next_dist_401433b6._.js:2405
[  810835ms] [ERROR] ./projects/uvibes-sitevitrine/src/app/layout.tsx:4:1
Module not found: Can't resolve '@/lib/seo'
  2 | import MaintenanceWrapper from "@/components/maintenance/MaintenanceWrapper";
  3 | import { getMaintenanceStatus } from "@/lib/maintenanceState";
> 4 | import { OG_IMAGE_DEFAULT, PAGE_SEO, SITE_NAME, SITE_URL } from "@/lib/seo";
    | ^^^^^^^^^^^^^^^^^^^^^^^^^^^^^^^^^^^^^^^^^^^^^^^^^^^^^^^^^^^^^^^^^^^^^^^^^^^^
  5 | import type { Metadata } from "next";
  6 | import { Roboto } from "next/font/google";
  7 | import Script from "next/script";

https://nextjs.org/docs/messages/module-not-found @ http://localhost:3000/_next/static/chunks/e00ff_next_dist_401433b6._.js:2405
[  810835ms] [ERROR] ./projects/uvibes-sitevitrine/src/app/solution/page.tsx:8:1
Module not found: Can't resolve '@/lib/seo'
   6 | import { AppointmentSection } from "@/components/section/appointmentSection";
   7 | import SolutionTabs from "@/components/solution/SolutionTabs";
>  8 | import { buildMetadata, SITE_URL } from "@/lib/seo";
     | ^^^^^^^^^^^^^^^^^^^^^^^^^^^^^^^^^^^^^^^^^^^^^^^^^^^^
   9 | import type { Metadata } from "next";
  10 |
  11 | export const metadata: Metadata = buildMetadata("solution");

https://nextjs.org/docs/messages/module-not-found @ http://localhost:3000/_next/static/chunks/e00ff_next_dist_401433b6._.js:2405
[  810835ms] [ERROR] ./projects/uvibes-sitevitrine/src/app/page.tsx:1:1
Module not found: Can't resolve '@/components/banner/HeroContent'
> 1 | import HeroContent from "@/components/banner/HeroContent";
    | ^^^^^^^^^^^^^^^^^^^^^^^^^^^^^^^^^^^^^^^^^^^^^^^^^^^^^^^^^^
  2 | import Contact from "@/components/contact/contact";
  3 | import Footer from "@/components/footer/Footer";
  4 | import FloatingMenu from "@/components/menu/Menu";

https://nextjs.org/docs/messages/module-not-found @ http://localhost:3000/_next/static/chunks/e00ff_next_dist_401433b6._.js:2405
[  810835ms] [ERROR] ./projects/uvibes-sitevitrine/src/app/page.tsx:7:1
Module not found: Can't resolve '@/components/cards/userNumberCard'
   5 | import FeaturedArticles from "@/components/section/FeaturedArticles";
   6 |
>  7 | import UserNumberCard from "@/components/cards/userNumberCard";
     | ^^^^^^^^^^^^^^^^^^^^^^^^^^^^^^^^^^^^^^^^^^^^^^^^^^^^^^^^^^^^^^^
   8 | import VideoCard from "@/components/cards/videoCard";
   9 | import { PartnerCarousel } from "@/components/carousel/PartnerCarousel";
  10 | import HowItWorks from "@/components/section/HowItWorks";

https://nextjs.org/docs/messages/module-not-found @ http://localhost:3000/_next/static/chunks/e00ff_next_dist_401433b6._.js:2405
[  810835ms] [ERROR] ./projects/uvibes-sitevitrine/src/app/page.tsx:8:1
Module not found: Can't resolve '@/components/cards/videoCard'
   6 |
   7 | import UserNumberCard from "@/components/cards/userNumberCard";
>  8 | import VideoCard from "@/components/cards/videoCard";
     | ^^^^^^^^^^^^^^^^^^^^^^^^^^^^^^^^^^^^^^^^^^^^^^^^^^^^^
   9 | import { PartnerCarousel } from "@/components/carousel/PartnerCarousel";
  10 | import HowItWorks from "@/components/section/HowItWorks";
  11 | import AvantagesHome from "@/components/section/AvantagesHome";

https://nextjs.org/docs/messages/module-not-found @ http://localhost:3000/_next/static/chunks/e00ff_next_dist_401433b6._.js:2405
[  810836ms] [ERROR] ./projects/uvibes-sitevitrine/src/app/page.tsx:9:1
Module not found: Can't resolve '@/components/carousel/PartnerCarousel'
   7 | import UserNumberCard from "@/components/cards/userNumberCard";
   8 | import VideoCard from "@/components/cards/videoCard";
>  9 | import { PartnerCarousel } from "@/components/carousel/PartnerCarousel";
     | ^^^^^^^^^^^^^^^^^^^^^^^^^^^^^^^^^^^^^^^^^^^^^^^^^^^^^^^^^^^^^^^^^^^^^^^^
  10 | import HowItWorks from "@/components/section/HowItWorks";
  11 | import AvantagesHome from "@/components/section/AvantagesHome";
  12 | import WhyUvibes from "@/components/section/WhyUvibes";

https://nextjs.org/docs/messages/module-not-found @ http://localhost:3000/_next/static/chunks/e00ff_next_dist_401433b6._.js:2405
[  810836ms] [ERROR] ./projects/uvibes-sitevitrine/src/app/page.tsx:2:1
Module not found: Can't resolve '@/components/contact/contact'
  1 | import HeroContent from "@/components/banner/HeroContent";
> 2 | import Contact from "@/components/contact/contact";
    | ^^^^^^^^^^^^^^^^^^^^^^^^^^^^^^^^^^^^^^^^^^^^^^^^^^^
  3 | import Footer from "@/components/footer/Footer";
  4 | import FloatingMenu from "@/components/menu/Menu";
  5 | import FeaturedArticles from "@/components/section/FeaturedArticles";

https://nextjs.org/docs/messages/module-not-found @ http://localhost:3000/_next/static/chunks/e00ff_next_dist_401433b6._.js:2405
[  810836ms] [ERROR] ./projects/uvibes-sitevitrine/src/app/page.tsx:3:1
Module not found: Can't resolve '@/components/footer/Footer'
  1 | import HeroContent from "@/components/banner/HeroContent";
  2 | import Contact from "@/components/contact/contact";
> 3 | import Footer from "@/components/footer/Footer";
    | ^^^^^^^^^^^^^^^^^^^^^^^^^^^^^^^^^^^^^^^^^^^^^^^^
  4 | import FloatingMenu from "@/components/menu/Menu";
  5 | import FeaturedArticles from "@/components/section/FeaturedArticles";
  6 |

https://nextjs.org/docs/messages/module-not-found @ http://localhost:3000/_next/static/chunks/e00ff_next_dist_401433b6._.js:2405
[  810836ms] [ERROR] ./projects/uvibes-sitevitrine/src/app/page.tsx:4:1
Module not found: Can't resolve '@/components/menu/Menu'
  2 | import Contact from "@/components/contact/contact";
  3 | import Footer from "@/components/footer/Footer";
> 4 | import FloatingMenu from "@/components/menu/Menu";
    | ^^^^^^^^^^^^^^^^^^^^^^^^^^^^^^^^^^^^^^^^^^^^^^^^^^
  5 | import FeaturedArticles from "@/components/section/FeaturedArticles";
  6 |
  7 | import UserNumberCard from "@/components/cards/userNumberCard";

https://nextjs.org/docs/messages/module-not-found @ http://localhost:3000/_next/static/chunks/e00ff_next_dist_401433b6._.js:2405
[  810836ms] [ERROR] ./projects/uvibes-sitevitrine/src/app/page.tsx:11:1
Module not found: Can't resolve '@/components/section/AvantagesHome'
   9 | import { PartnerCarousel } from "@/components/carousel/PartnerCarousel";
  10 | import HowItWorks from "@/components/section/HowItWorks";
> 11 | import AvantagesHome from "@/components/section/AvantagesHome";
     | ^^^^^^^^^^^^^^^^^^^^^^^^^^^^^^^^^^^^^^^^^^^^^^^^^^^^^^^^^^^^^^^
  12 | import WhyUvibes from "@/components/section/WhyUvibes";
  13 | import Testimony from "@/components/testimony/testimony";
  14 | import { BenefitsHomeSection } from "../components/section/BenefitsHomeSection";

https://nextjs.org/docs/messages/module-not-found @ http://localhost:3000/_next/static/chunks/e00ff_next_dist_401433b6._.js:2405
[  810836ms] [ERROR] ./projects/uvibes-sitevitrine/src/app/page.tsx:5:1
Module not found: Can't resolve '@/components/section/FeaturedArticles'
  3 | import Footer from "@/components/footer/Footer";
  4 | import FloatingMenu from "@/components/menu/Menu";
> 5 | import FeaturedArticles from "@/components/section/FeaturedArticles";
    | ^^^^^^^^^^^^^^^^^^^^^^^^^^^^^^^^^^^^^^^^^^^^^^^^^^^^^^^^^^^^^^^^^^^^^
  6 |
  7 | import UserNumberCard from "@/components/cards/userNumberCard";
  8 | import VideoCard from "@/components/cards/videoCard";

https://nextjs.org/docs/messages/module-not-found @ http://localhost:3000/_next/static/chunks/e00ff_next_dist_401433b6._.js:2405
[  810837ms] [ERROR] ./projects/uvibes-sitevitrine/src/app/page.tsx:10:1
Module not found: Can't resolve '@/components/section/HowItWorks'
   8 | import VideoCard from "@/components/cards/videoCard";
   9 | import { PartnerCarousel } from "@/components/carousel/PartnerCarousel";
> 10 | import HowItWorks from "@/components/section/HowItWorks";
     | ^^^^^^^^^^^^^^^^^^^^^^^^^^^^^^^^^^^^^^^^^^^^^^^^^^^^^^^^^
  11 | import AvantagesHome from "@/components/section/AvantagesHome";
  12 | import WhyUvibes from "@/components/section/WhyUvibes";
  13 | import Testimony from "@/components/testimony/testimony";

https://nextjs.org/docs/messages/module-not-found @ http://localhost:3000/_next/static/chunks/e00ff_next_dist_401433b6._.js:2405
[  810837ms] [ERROR] ./projects/uvibes-sitevitrine/src/app/page.tsx:12:1
Module not found: Can't resolve '@/components/section/WhyUvibes'
  10 | import HowItWorks from "@/components/section/HowItWorks";
  11 | import AvantagesHome from "@/components/section/AvantagesHome";
> 12 | import WhyUvibes from "@/components/section/WhyUvibes";
     | ^^^^^^^^^^^^^^^^^^^^^^^^^^^^^^^^^^^^^^^^^^^^^^^^^^^^^^^
  13 | import Testimony from "@/components/testimony/testimony";
  14 | import { BenefitsHomeSection } from "../components/section/BenefitsHomeSection";
  15 | const mockupHome = "/images/mochupHome.png";

https://nextjs.org/docs/messages/module-not-found @ http://localhost:3000/_next/static/chunks/e00ff_next_dist_401433b6._.js:2405
[  810837ms] [ERROR] ./projects/uvibes-sitevitrine/src/app/page.tsx:13:1
Module not found: Can't resolve '@/components/testimony/testimony'
  11 | import AvantagesHome from "@/components/section/AvantagesHome";
  12 | import WhyUvibes from "@/components/section/WhyUvibes";
> 13 | import Testimony from "@/components/testimony/testimony";
     | ^^^^^^^^^^^^^^^^^^^^^^^^^^^^^^^^^^^^^^^^^^^^^^^^^^^^^^^^^
  14 | import { BenefitsHomeSection } from "../components/section/BenefitsHomeSection";
  15 | const mockupHome = "/images/mochupHome.png";
  16 |

https://nextjs.org/docs/messages/module-not-found @ http://localhost:3000/_next/static/chunks/e00ff_next_dist_401433b6._.js:2405
[  810837ms] [ERROR] ./projects/uvibes-sitevitrine/src/app/page.tsx:17:1
Module not found: Can't resolve '@/services/home/fetchHomeContent'
  15 | const mockupHome = "/images/mochupHome.png";
  16 |
> 17 | import { fetchHomeContent } from "@/services/home/fetchHomeContent";
     | ^^^^^^^^^^^^^^^^^^^^^^^^^^^^^^^^^^^^^^^^^^^^^^^^^^^^^^^^^^^^^^^^^^^^
  18 |
  19 | // Server Component — le fetch WordPress se fait côté serveur, le HTML est pré-rempli pour le SEO
  20 | export default async function Home() {

https://nextjs.org/docs/messages/module-not-found @ http://localhost:3000/_next/static/chunks/e00ff_next_dist_401433b6._.js:2405
[  810837ms] [ERROR] ./projects/uvibes-sitevitrine/src/app/uvibes/page.tsx:3:1
Module not found: Can't resolve '@/components/JsonLd'
  1 | import { HeroBanner } from "@/components/banner/heroBanner";
  2 | import Footer from "@/components/footer/Footer";
> 3 | import JsonLd from "@/components/JsonLd";
    | ^^^^^^^^^^^^^^^^^^^^^^^^^^^^^^^^^^^^^^^^^
  4 | import FloatingMenu from "@/components/menu/Menu";
  5 | import { AppointmentSection } from "@/components/section/appointmentSection";
  6 | import TeamSection from "@/components/section/TeamSection";

https://nextjs.org/docs/messages/module-not-found @ http://localhost:3000/_next/static/chunks/e00ff_next_dist_401433b6._.js:2405
[  810837ms] [ERROR] ./projects/uvibes-sitevitrine/src/app/uvibes/page.tsx:1:1
Module not found: Can't resolve '@/components/banner/heroBanner'
> 1 | import { HeroBanner } from "@/components/banner/heroBanner";
    | ^^^^^^^^^^^^^^^^^^^^^^^^^^^^^^^^^^^^^^^^^^^^^^^^^^^^^^^^^^^^
  2 | import Footer from "@/components/footer/Footer";
  3 | import JsonLd from "@/components/JsonLd";
  4 | import FloatingMenu from "@/components/menu/Menu";

https://nextjs.org/docs/messages/module-not-found @ http://localhost:3000/_next/static/chunks/e00ff_next_dist_401433b6._.js:2405
[  810837ms] [ERROR] ./projects/uvibes-sitevitrine/src/app/uvibes/page.tsx:2:1
Module not found: Can't resolve '@/components/footer/Footer'
  1 | import { HeroBanner } from "@/components/banner/heroBanner";
> 2 | import Footer from "@/components/footer/Footer";
    | ^^^^^^^^^^^^^^^^^^^^^^^^^^^^^^^^^^^^^^^^^^^^^^^^
  3 | import JsonLd from "@/components/JsonLd";
  4 | import FloatingMenu from "@/components/menu/Menu";
  5 | import { AppointmentSection } from "@/components/section/appointmentSection";

https://nextjs.org/docs/messages/module-not-found @ http://localhost:3000/_next/static/chunks/e00ff_next_dist_401433b6._.js:2405
[  810838ms] [ERROR] ./projects/uvibes-sitevitrine/src/app/uvibes/page.tsx:4:1
Module not found: Can't resolve '@/components/menu/Menu'
  2 | import Footer from "@/components/footer/Footer";
  3 | import JsonLd from "@/components/JsonLd";
> 4 | import FloatingMenu from "@/components/menu/Menu";
    | ^^^^^^^^^^^^^^^^^^^^^^^^^^^^^^^^^^^^^^^^^^^^^^^^^^
  5 | import { AppointmentSection } from "@/components/section/appointmentSection";
  6 | import TeamSection from "@/components/section/TeamSection";
  7 | import HelloAssoDon from "@/components/uvibes/HelloAssoDon";

https://nextjs.org/docs/messages/module-not-found @ http://localhost:3000/_next/static/chunks/e00ff_next_dist_401433b6._.js:2405
[  810838ms] [ERROR] ./projects/uvibes-sitevitrine/src/app/uvibes/page.tsx:6:1
Module not found: Can't resolve '@/components/section/TeamSection'
  4 | import FloatingMenu from "@/components/menu/Menu";
  5 | import { AppointmentSection } from "@/components/section/appointmentSection";
> 6 | import TeamSection from "@/components/section/TeamSection";
    | ^^^^^^^^^^^^^^^^^^^^^^^^^^^^^^^^^^^^^^^^^^^^^^^^^^^^^^^^^^^
  7 | import HelloAssoDon from "@/components/uvibes/HelloAssoDon";
  8 | import { buildMetadata, SITE_URL } from "@/lib/seo";
  9 | import { DotIcon } from "lucide-react";

https://nextjs.org/docs/messages/module-not-found @ http://localhost:3000/_next/static/chunks/e00ff_next_dist_401433b6._.js:2405
[  810838ms] [ERROR] ./projects/uvibes-sitevitrine/src/app/uvibes/page.tsx:5:1
Module not found: Can't resolve '@/components/section/appointmentSection'
  3 | import JsonLd from "@/components/JsonLd";
  4 | import FloatingMenu from "@/components/menu/Menu";
> 5 | import { AppointmentSection } from "@/components/section/appointmentSection";
    | ^^^^^^^^^^^^^^^^^^^^^^^^^^^^^^^^^^^^^^^^^^^^^^^^^^^^^^^^^^^^^^^^^^^^^^^^^^^^^
  6 | import TeamSection from "@/components/section/TeamSection";
  7 | import HelloAssoDon from "@/components/uvibes/HelloAssoDon";
  8 | import { buildMetadata, SITE_URL } from "@/lib/seo";

https://nextjs.org/docs/messages/module-not-found @ http://localhost:3000/_next/static/chunks/e00ff_next_dist_401433b6._.js:2405
[  810838ms] [ERROR] ./projects/uvibes-sitevitrine/src/app/uvibes/page.tsx:7:1
Module not found: Can't resolve '@/components/uvibes/HelloAssoDon'
   5 | import { AppointmentSection } from "@/components/section/appointmentSection";
   6 | import TeamSection from "@/components/section/TeamSection";
>  7 | import HelloAssoDon from "@/components/uvibes/HelloAssoDon";
     | ^^^^^^^^^^^^^^^^^^^^^^^^^^^^^^^^^^^^^^^^^^^^^^^^^^^^^^^^^^^^
   8 | import { buildMetadata, SITE_URL } from "@/lib/seo";
   9 | import { DotIcon } from "lucide-react";
  10 | import type { Metadata } from "next";

https://nextjs.org/docs/messages/module-not-found @ http://localhost:3000/_next/static/chunks/e00ff_next_dist_401433b6._.js:2405
[  810838ms] [ERROR] ./projects/uvibes-sitevitrine/src/app/uvibes/page.tsx:8:1
Module not found: Can't resolve '@/lib/seo'
   6 | import TeamSection from "@/components/section/TeamSection";
   7 | import HelloAssoDon from "@/components/uvibes/HelloAssoDon";
>  8 | import { buildMetadata, SITE_URL } from "@/lib/seo";
     | ^^^^^^^^^^^^^^^^^^^^^^^^^^^^^^^^^^^^^^^^^^^^^^^^^^^^
   9 | import { DotIcon } from "lucide-react";
  10 | import type { Metadata } from "next";
  11 | import Image from "next/image";

https://nextjs.org/docs/messages/module-not-found @ http://localhost:3000/_next/static/chunks/e00ff_next_dist_401433b6._.js:2405
[  810838ms] [ERROR] ./projects/uvibes-sitevitrine/src/app/blog/page.tsx:4:1
Module not found: Can't resolve '@/components/JsonLd'
  2 | import AllArticle from "@/components/blog/allArticle";
  3 | import Footer from "@/components/footer/Footer";
> 4 | import JsonLd from "@/components/JsonLd";
    | ^^^^^^^^^^^^^^^^^^^^^^^^^^^^^^^^^^^^^^^^^
  5 | import FloatingMenu from "@/components/menu/Menu";
  6 | import { buildMetadata, SITE_URL } from "@/lib/seo";
  7 | import type { Metadata } from "next";

https://nextjs.org/docs/messages/module-not-found @ http://localhost:3000/_next/static/chunks/e00ff_next_dist_401433b6._.js:2405
[  810838ms] [ERROR] ./projects/uvibes-sitevitrine/src/app/blog/page.tsx:1:1
Module not found: Can't resolve '@/components/banner/heroBanner'
> 1 | import { HeroBanner } from "@/components/banner/heroBanner";
    | ^^^^^^^^^^^^^^^^^^^^^^^^^^^^^^^^^^^^^^^^^^^^^^^^^^^^^^^^^^^^
  2 | import AllArticle from "@/components/blog/allArticle";
  3 | import Footer from "@/components/footer/Footer";
  4 | import JsonLd from "@/components/JsonLd";

https://nextjs.org/docs/messages/module-not-found @ http://localhost:3000/_next/static/chunks/e00ff_next_dist_401433b6._.js:2405
[  810838ms] [ERROR] ./projects/uvibes-sitevitrine/src/app/blog/page.tsx:2:1
Module not found: Can't resolve '@/components/blog/allArticle'
  1 | import { HeroBanner } from "@/components/banner/heroBanner";
> 2 | import AllArticle from "@/components/blog/allArticle";
    | ^^^^^^^^^^^^^^^^^^^^^^^^^^^^^^^^^^^^^^^^^^^^^^^^^^^^^^
  3 | import Footer from "@/components/footer/Footer";
  4 | import JsonLd from "@/components/JsonLd";
  5 | import FloatingMenu from "@/components/menu/Menu";

https://nextjs.org/docs/messages/module-not-found @ http://localhost:3000/_next/static/chunks/e00ff_next_dist_401433b6._.js:2405
[  810838ms] [ERROR] ./projects/uvibes-sitevitrine/src/app/blog/page.tsx:3:1
Module not found: Can't resolve '@/components/footer/Footer'
  1 | import { HeroBanner } from "@/components/banner/heroBanner";
  2 | import AllArticle from "@/components/blog/allArticle";
> 3 | import Footer from "@/components/footer/Footer";
    | ^^^^^^^^^^^^^^^^^^^^^^^^^^^^^^^^^^^^^^^^^^^^^^^^
  4 | import JsonLd from "@/components/JsonLd";
  5 | import FloatingMenu from "@/components/menu/Menu";
  6 | import { buildMetadata, SITE_URL } from "@/lib/seo";

https://nextjs.org/docs/messages/module-not-found @ http://localhost:3000/_next/static/chunks/e00ff_next_dist_401433b6._.js:2405
[  810838ms] [ERROR] ./projects/uvibes-sitevitrine/src/app/blog/page.tsx:5:1
Module not found: Can't resolve '@/components/menu/Menu'
  3 | import Footer from "@/components/footer/Footer";
  4 | import JsonLd from "@/components/JsonLd";
> 5 | import FloatingMenu from "@/components/menu/Menu";
    | ^^^^^^^^^^^^^^^^^^^^^^^^^^^^^^^^^^^^^^^^^^^^^^^^^^
  6 | import { buildMetadata, SITE_URL } from "@/lib/seo";
  7 | import type { Metadata } from "next";
  8 |

https://nextjs.org/docs/messages/module-not-found @ http://localhost:3000/_next/static/chunks/e00ff_next_dist_401433b6._.js:2405
[  810838ms] [ERROR] ./projects/uvibes-sitevitrine/src/app/blog/page.tsx:6:1
Module not found: Can't resolve '@/lib/seo'
  4 | import JsonLd from "@/components/JsonLd";
  5 | import FloatingMenu from "@/components/menu/Menu";
> 6 | import { buildMetadata, SITE_URL } from "@/lib/seo";
    | ^^^^^^^^^^^^^^^^^^^^^^^^^^^^^^^^^^^^^^^^^^^^^^^^^^^^
  7 | import type { Metadata } from "next";
  8 |
  9 | export const metadata: Metadata = buildMetadata("blog");

https://nextjs.org/docs/messages/module-not-found @ http://localhost:3000/_next/static/chunks/e00ff_next_dist_401433b6._.js:2405
[  810868ms] [LOG] {file: Object} @ http://localhost:3000/_next/static/chunks/e00ff_next_dist_compiled_next-devtools_index_8a60341f.js:16058
[  849501ms] [ERROR] ./projects/uvibes-sitevitrine/src/app/solution/page.tsx:4:1
Module not found: Can't resolve '@/components/JsonLd'
  2 | import { PartnerBanner } from "@/components/banner/partnerBanner";
  3 | import Footer from "@/components/footer/Footer";
> 4 | import JsonLd from "@/components/JsonLd";
    | ^^^^^^^^^^^^^^^^^^^^^^^^^^^^^^^^^^^^^^^^^
  5 | import FloatingMenu from "@/components/menu/Menu";
  6 | import { AppointmentSection } from "@/components/section/appointmentSection";
  7 | import SolutionTabs from "@/components/solution/SolutionTabs";

https://nextjs.org/docs/messages/module-not-found @ http://localhost:3000/_next/static/chunks/e00ff_next_dist_401433b6._.js:2405
[  849505ms] [ERROR] ./projects/uvibes-sitevitrine/src/app/solution/page.tsx:1:1
Module not found: Can't resolve '@/components/banner/heroBanner'
> 1 | import { HeroBanner } from "@/components/banner/heroBanner";
    | ^^^^^^^^^^^^^^^^^^^^^^^^^^^^^^^^^^^^^^^^^^^^^^^^^^^^^^^^^^^^
  2 | import { PartnerBanner } from "@/components/banner/partnerBanner";
  3 | import Footer from "@/components/footer/Footer";
  4 | import JsonLd from "@/components/JsonLd";

https://nextjs.org/docs/messages/module-not-found @ http://localhost:3000/_next/static/chunks/e00ff_next_dist_401433b6._.js:2405
[  849505ms] [ERROR] ./projects/uvibes-sitevitrine/src/app/solution/page.tsx:2:1
Module not found: Can't resolve '@/components/banner/partnerBanner'
  1 | import { HeroBanner } from "@/components/banner/heroBanner";
> 2 | import { PartnerBanner } from "@/components/banner/partnerBanner";
    | ^^^^^^^^^^^^^^^^^^^^^^^^^^^^^^^^^^^^^^^^^^^^^^^^^^^^^^^^^^^^^^^^^^
  3 | import Footer from "@/components/footer/Footer";
  4 | import JsonLd from "@/components/JsonLd";
  5 | import FloatingMenu from "@/components/menu/Menu";

https://nextjs.org/docs/messages/module-not-found @ http://localhost:3000/_next/static/chunks/e00ff_next_dist_401433b6._.js:2405
[  849505ms] [ERROR] ./projects/uvibes-sitevitrine/src/app/layout.tsx:1:1
Module not found: Can't resolve '@/components/cookieConsent'
> 1 | import CookieConsent from "@/components/cookieConsent";
    | ^^^^^^^^^^^^^^^^^^^^^^^^^^^^^^^^^^^^^^^^^^^^^^^^^^^^^^^
  2 | import MaintenanceWrapper from "@/components/maintenance/MaintenanceWrapper";
  3 | import { getMaintenanceStatus } from "@/lib/maintenanceState";
  4 | import { OG_IMAGE_DEFAULT, PAGE_SEO, SITE_NAME, SITE_URL } from "@/lib/seo";

https://nextjs.org/docs/messages/module-not-found @ http://localhost:3000/_next/static/chunks/e00ff_next_dist_401433b6._.js:2405
[  849505ms] [ERROR] ./projects/uvibes-sitevitrine/src/app/solution/page.tsx:3:1
Module not found: Can't resolve '@/components/footer/Footer'
  1 | import { HeroBanner } from "@/components/banner/heroBanner";
  2 | import { PartnerBanner } from "@/components/banner/partnerBanner";
> 3 | import Footer from "@/components/footer/Footer";
    | ^^^^^^^^^^^^^^^^^^^^^^^^^^^^^^^^^^^^^^^^^^^^^^^^
  4 | import JsonLd from "@/components/JsonLd";
  5 | import FloatingMenu from "@/components/menu/Menu";
  6 | import { AppointmentSection } from "@/components/section/appointmentSection";

https://nextjs.org/docs/messages/module-not-found @ http://localhost:3000/_next/static/chunks/e00ff_next_dist_401433b6._.js:2405
[  849505ms] [ERROR] ./projects/uvibes-sitevitrine/src/app/layout.tsx:2:1
Module not found: Can't resolve '@/components/maintenance/MaintenanceWrapper'
  1 | import CookieConsent from "@/components/cookieConsent";
> 2 | import MaintenanceWrapper from "@/components/maintenance/MaintenanceWrapper";
    | ^^^^^^^^^^^^^^^^^^^^^^^^^^^^^^^^^^^^^^^^^^^^^^^^^^^^^^^^^^^^^^^^^^^^^^^^^^^^^
  3 | import { getMaintenanceStatus } from "@/lib/maintenanceState";
  4 | import { OG_IMAGE_DEFAULT, PAGE_SEO, SITE_NAME, SITE_URL } from "@/lib/seo";
  5 | import type { Metadata } from "next";

https://nextjs.org/docs/messages/module-not-found @ http://localhost:3000/_next/static/chunks/e00ff_next_dist_401433b6._.js:2405
[  849505ms] [ERROR] ./projects/uvibes-sitevitrine/src/app/solution/page.tsx:5:1
Module not found: Can't resolve '@/components/menu/Menu'
  3 | import Footer from "@/components/footer/Footer";
  4 | import JsonLd from "@/components/JsonLd";
> 5 | import FloatingMenu from "@/components/menu/Menu";
    | ^^^^^^^^^^^^^^^^^^^^^^^^^^^^^^^^^^^^^^^^^^^^^^^^^^
  6 | import { AppointmentSection } from "@/components/section/appointmentSection";
  7 | import SolutionTabs from "@/components/solution/SolutionTabs";
  8 | import { buildMetadata, SITE_URL } from "@/lib/seo";

https://nextjs.org/docs/messages/module-not-found @ http://localhost:3000/_next/static/chunks/e00ff_next_dist_401433b6._.js:2405
[  849506ms] [ERROR] ./projects/uvibes-sitevitrine/src/app/solution/page.tsx:6:1
Module not found: Can't resolve '@/components/section/appointmentSection'
  4 | import JsonLd from "@/components/JsonLd";
  5 | import FloatingMenu from "@/components/menu/Menu";
> 6 | import { AppointmentSection } from "@/components/section/appointmentSection";
    | ^^^^^^^^^^^^^^^^^^^^^^^^^^^^^^^^^^^^^^^^^^^^^^^^^^^^^^^^^^^^^^^^^^^^^^^^^^^^^
  7 | import SolutionTabs from "@/components/solution/SolutionTabs";
  8 | import { buildMetadata, SITE_URL } from "@/lib/seo";
  9 | import type { Metadata } from "next";

https://nextjs.org/docs/messages/module-not-found @ http://localhost:3000/_next/static/chunks/e00ff_next_dist_401433b6._.js:2405
[  849506ms] [ERROR] ./projects/uvibes-sitevitrine/src/app/solution/page.tsx:7:1
Module not found: Can't resolve '@/components/solution/SolutionTabs'
   5 | import FloatingMenu from "@/components/menu/Menu";
   6 | import { AppointmentSection } from "@/components/section/appointmentSection";
>  7 | import SolutionTabs from "@/components/solution/SolutionTabs";
     | ^^^^^^^^^^^^^^^^^^^^^^^^^^^^^^^^^^^^^^^^^^^^^^^^^^^^^^^^^^^^^^
   8 | import { buildMetadata, SITE_URL } from "@/lib/seo";
   9 | import type { Metadata } from "next";
  10 |

https://nextjs.org/docs/messages/module-not-found @ http://localhost:3000/_next/static/chunks/e00ff_next_dist_401433b6._.js:2405
[  849506ms] [ERROR] ./projects/uvibes-sitevitrine/src/app/layout.tsx:3:1
Module not found: Can't resolve '@/lib/maintenanceState'
  1 | import CookieConsent from "@/components/cookieConsent";
  2 | import MaintenanceWrapper from "@/components/maintenance/MaintenanceWrapper";
> 3 | import { getMaintenanceStatus } from "@/lib/maintenanceState";
    | ^^^^^^^^^^^^^^^^^^^^^^^^^^^^^^^^^^^^^^^^^^^^^^^^^^^^^^^^^^^^^^
  4 | import { OG_IMAGE_DEFAULT, PAGE_SEO, SITE_NAME, SITE_URL } from "@/lib/seo";
  5 | import type { Metadata } from "next";
  6 | import { Roboto } from "next/font/google";

https://nextjs.org/docs/messages/module-not-found @ http://localhost:3000/_next/static/chunks/e00ff_next_dist_401433b6._.js:2405
[  849506ms] [ERROR] ./projects/uvibes-sitevitrine/src/app/layout.tsx:4:1
Module not found: Can't resolve '@/lib/seo'
  2 | import MaintenanceWrapper from "@/components/maintenance/MaintenanceWrapper";
  3 | import { getMaintenanceStatus } from "@/lib/maintenanceState";
> 4 | import { OG_IMAGE_DEFAULT, PAGE_SEO, SITE_NAME, SITE_URL } from "@/lib/seo";
    | ^^^^^^^^^^^^^^^^^^^^^^^^^^^^^^^^^^^^^^^^^^^^^^^^^^^^^^^^^^^^^^^^^^^^^^^^^^^^
  5 | import type { Metadata } from "next";
  6 | import { Roboto } from "next/font/google";
  7 | import Script from "next/script";

https://nextjs.org/docs/messages/module-not-found @ http://localhost:3000/_next/static/chunks/e00ff_next_dist_401433b6._.js:2405
[  849506ms] [ERROR] ./projects/uvibes-sitevitrine/src/app/solution/page.tsx:8:1
Module not found: Can't resolve '@/lib/seo'
   6 | import { AppointmentSection } from "@/components/section/appointmentSection";
   7 | import SolutionTabs from "@/components/solution/SolutionTabs";
>  8 | import { buildMetadata, SITE_URL } from "@/lib/seo";
     | ^^^^^^^^^^^^^^^^^^^^^^^^^^^^^^^^^^^^^^^^^^^^^^^^^^^^
   9 | import type { Metadata } from "next";
  10 |
  11 | export const metadata: Metadata = buildMetadata("solution");

https://nextjs.org/docs/messages/module-not-found @ http://localhost:3000/_next/static/chunks/e00ff_next_dist_401433b6._.js:2405
[  849506ms] [ERROR] ./projects/uvibes-sitevitrine/src/app/page.tsx:1:1
Module not found: Can't resolve '@/components/banner/HeroContent'
> 1 | import HeroContent from "@/components/banner/HeroContent";
    | ^^^^^^^^^^^^^^^^^^^^^^^^^^^^^^^^^^^^^^^^^^^^^^^^^^^^^^^^^^
  2 | import Contact from "@/components/contact/contact";
  3 | import Footer from "@/components/footer/Footer";
  4 | import FloatingMenu from "@/components/menu/Menu";

https://nextjs.org/docs/messages/module-not-found @ http://localhost:3000/_next/static/chunks/e00ff_next_dist_401433b6._.js:2405
[  849506ms] [ERROR] ./projects/uvibes-sitevitrine/src/app/page.tsx:7:1
Module not found: Can't resolve '@/components/cards/userNumberCard'
   5 | import FeaturedArticles from "@/components/section/FeaturedArticles";
   6 |
>  7 | import UserNumberCard from "@/components/cards/userNumberCard";
     | ^^^^^^^^^^^^^^^^^^^^^^^^^^^^^^^^^^^^^^^^^^^^^^^^^^^^^^^^^^^^^^^
   8 | import VideoCard from "@/components/cards/videoCard";
   9 | import { PartnerCarousel } from "@/components/carousel/PartnerCarousel";
  10 | import HowItWorks from "@/components/section/HowItWorks";

https://nextjs.org/docs/messages/module-not-found @ http://localhost:3000/_next/static/chunks/e00ff_next_dist_401433b6._.js:2405
[  849506ms] [ERROR] ./projects/uvibes-sitevitrine/src/app/page.tsx:8:1
Module not found: Can't resolve '@/components/cards/videoCard'
   6 |
   7 | import UserNumberCard from "@/components/cards/userNumberCard";
>  8 | import VideoCard from "@/components/cards/videoCard";
     | ^^^^^^^^^^^^^^^^^^^^^^^^^^^^^^^^^^^^^^^^^^^^^^^^^^^^^
   9 | import { PartnerCarousel } from "@/components/carousel/PartnerCarousel";
  10 | import HowItWorks from "@/components/section/HowItWorks";
  11 | import AvantagesHome from "@/components/section/AvantagesHome";

https://nextjs.org/docs/messages/module-not-found @ http://localhost:3000/_next/static/chunks/e00ff_next_dist_401433b6._.js:2405
[  849506ms] [ERROR] ./projects/uvibes-sitevitrine/src/app/page.tsx:9:1
Module not found: Can't resolve '@/components/carousel/PartnerCarousel'
   7 | import UserNumberCard from "@/components/cards/userNumberCard";
   8 | import VideoCard from "@/components/cards/videoCard";
>  9 | import { PartnerCarousel } from "@/components/carousel/PartnerCarousel";
     | ^^^^^^^^^^^^^^^^^^^^^^^^^^^^^^^^^^^^^^^^^^^^^^^^^^^^^^^^^^^^^^^^^^^^^^^^
  10 | import HowItWorks from "@/components/section/HowItWorks";
  11 | import AvantagesHome from "@/components/section/AvantagesHome";
  12 | import WhyUvibes from "@/components/section/WhyUvibes";

https://nextjs.org/docs/messages/module-not-found @ http://localhost:3000/_next/static/chunks/e00ff_next_dist_401433b6._.js:2405
[  849506ms] [ERROR] ./projects/uvibes-sitevitrine/src/app/page.tsx:2:1
Module not found: Can't resolve '@/components/contact/contact'
  1 | import HeroContent from "@/components/banner/HeroContent";
> 2 | import Contact from "@/components/contact/contact";
    | ^^^^^^^^^^^^^^^^^^^^^^^^^^^^^^^^^^^^^^^^^^^^^^^^^^^
  3 | import Footer from "@/components/footer/Footer";
  4 | import FloatingMenu from "@/components/menu/Menu";
  5 | import FeaturedArticles from "@/components/section/FeaturedArticles";

https://nextjs.org/docs/messages/module-not-found @ http://localhost:3000/_next/static/chunks/e00ff_next_dist_401433b6._.js:2405
[  849506ms] [ERROR] ./projects/uvibes-sitevitrine/src/app/page.tsx:3:1
Module not found: Can't resolve '@/components/footer/Footer'
  1 | import HeroContent from "@/components/banner/HeroContent";
  2 | import Contact from "@/components/contact/contact";
> 3 | import Footer from "@/components/footer/Footer";
    | ^^^^^^^^^^^^^^^^^^^^^^^^^^^^^^^^^^^^^^^^^^^^^^^^
  4 | import FloatingMenu from "@/components/menu/Menu";
  5 | import FeaturedArticles from "@/components/section/FeaturedArticles";
  6 |

https://nextjs.org/docs/messages/module-not-found @ http://localhost:3000/_next/static/chunks/e00ff_next_dist_401433b6._.js:2405
[  849507ms] [ERROR] ./projects/uvibes-sitevitrine/src/app/page.tsx:4:1
Module not found: Can't resolve '@/components/menu/Menu'
  2 | import Contact from "@/components/contact/contact";
  3 | import Footer from "@/components/footer/Footer";
> 4 | import FloatingMenu from "@/components/menu/Menu";
    | ^^^^^^^^^^^^^^^^^^^^^^^^^^^^^^^^^^^^^^^^^^^^^^^^^^
  5 | import FeaturedArticles from "@/components/section/FeaturedArticles";
  6 |
  7 | import UserNumberCard from "@/components/cards/userNumberCard";

https://nextjs.org/docs/messages/module-not-found @ http://localhost:3000/_next/static/chunks/e00ff_next_dist_401433b6._.js:2405
[  849507ms] [ERROR] ./projects/uvibes-sitevitrine/src/app/page.tsx:11:1
Module not found: Can't resolve '@/components/section/AvantagesHome'
   9 | import { PartnerCarousel } from "@/components/carousel/PartnerCarousel";
  10 | import HowItWorks from "@/components/section/HowItWorks";
> 11 | import AvantagesHome from "@/components/section/AvantagesHome";
     | ^^^^^^^^^^^^^^^^^^^^^^^^^^^^^^^^^^^^^^^^^^^^^^^^^^^^^^^^^^^^^^^
  12 | import WhyUvibes from "@/components/section/WhyUvibes";
  13 | import Testimony from "@/components/testimony/testimony";
  14 | import { BenefitsHomeSection } from "../components/section/BenefitsHomeSection";

https://nextjs.org/docs/messages/module-not-found @ http://localhost:3000/_next/static/chunks/e00ff_next_dist_401433b6._.js:2405
[  849507ms] [ERROR] ./projects/uvibes-sitevitrine/src/app/page.tsx:5:1
Module not found: Can't resolve '@/components/section/FeaturedArticles'
  3 | import Footer from "@/components/footer/Footer";
  4 | import FloatingMenu from "@/components/menu/Menu";
> 5 | import FeaturedArticles from "@/components/section/FeaturedArticles";
    | ^^^^^^^^^^^^^^^^^^^^^^^^^^^^^^^^^^^^^^^^^^^^^^^^^^^^^^^^^^^^^^^^^^^^^
  6 |
  7 | import UserNumberCard from "@/components/cards/userNumberCard";
  8 | import VideoCard from "@/components/cards/videoCard";

https://nextjs.org/docs/messages/module-not-found @ http://localhost:3000/_next/static/chunks/e00ff_next_dist_401433b6._.js:2405
[  849507ms] [ERROR] ./projects/uvibes-sitevitrine/src/app/page.tsx:10:1
Module not found: Can't resolve '@/components/section/HowItWorks'
   8 | import VideoCard from "@/components/cards/videoCard";
   9 | import { PartnerCarousel } from "@/components/carousel/PartnerCarousel";
> 10 | import HowItWorks from "@/components/section/HowItWorks";
     | ^^^^^^^^^^^^^^^^^^^^^^^^^^^^^^^^^^^^^^^^^^^^^^^^^^^^^^^^^
  11 | import AvantagesHome from "@/components/section/AvantagesHome";
  12 | import WhyUvibes from "@/components/section/WhyUvibes";
  13 | import Testimony from "@/components/testimony/testimony";

https://nextjs.org/docs/messages/module-not-found @ http://localhost:3000/_next/static/chunks/e00ff_next_dist_401433b6._.js:2405
[  849508ms] [ERROR] ./projects/uvibes-sitevitrine/src/app/page.tsx:12:1
Module not found: Can't resolve '@/components/section/WhyUvibes'
  10 | import HowItWorks from "@/components/section/HowItWorks";
  11 | import AvantagesHome from "@/components/section/AvantagesHome";
> 12 | import WhyUvibes from "@/components/section/WhyUvibes";
     | ^^^^^^^^^^^^^^^^^^^^^^^^^^^^^^^^^^^^^^^^^^^^^^^^^^^^^^^
  13 | import Testimony from "@/components/testimony/testimony";
  14 | import { BenefitsHomeSection } from "../components/section/BenefitsHomeSection";
  15 | const mockupHome = "/images/mochupHome.png";

https://nextjs.org/docs/messages/module-not-found @ http://localhost:3000/_next/static/chunks/e00ff_next_dist_401433b6._.js:2405
[  849508ms] [ERROR] ./projects/uvibes-sitevitrine/src/app/page.tsx:13:1
Module not found: Can't resolve '@/components/testimony/testimony'
  11 | import AvantagesHome from "@/components/section/AvantagesHome";
  12 | import WhyUvibes from "@/components/section/WhyUvibes";
> 13 | import Testimony from "@/components/testimony/testimony";
     | ^^^^^^^^^^^^^^^^^^^^^^^^^^^^^^^^^^^^^^^^^^^^^^^^^^^^^^^^^
  14 | import { BenefitsHomeSection } from "../components/section/BenefitsHomeSection";
  15 | const mockupHome = "/images/mochupHome.png";
  16 |

https://nextjs.org/docs/messages/module-not-found @ http://localhost:3000/_next/static/chunks/e00ff_next_dist_401433b6._.js:2405
[  849508ms] [ERROR] ./projects/uvibes-sitevitrine/src/app/page.tsx:17:1
Module not found: Can't resolve '@/services/home/fetchHomeContent'
  15 | const mockupHome = "/images/mochupHome.png";
  16 |
> 17 | import { fetchHomeContent } from "@/services/home/fetchHomeContent";
     | ^^^^^^^^^^^^^^^^^^^^^^^^^^^^^^^^^^^^^^^^^^^^^^^^^^^^^^^^^^^^^^^^^^^^
  18 |
  19 | // Server Component — le fetch WordPress se fait côté serveur, le HTML est pré-rempli pour le SEO
  20 | export default async function Home() {

https://nextjs.org/docs/messages/module-not-found @ http://localhost:3000/_next/static/chunks/e00ff_next_dist_401433b6._.js:2405
[  849508ms] [ERROR] ./projects/uvibes-sitevitrine/src/app/uvibes/page.tsx:3:1
Module not found: Can't resolve '@/components/JsonLd'
  1 | import { HeroBanner } from "@/components/banner/heroBanner";
  2 | import Footer from "@/components/footer/Footer";
> 3 | import JsonLd from "@/components/JsonLd";
    | ^^^^^^^^^^^^^^^^^^^^^^^^^^^^^^^^^^^^^^^^^
  4 | import FloatingMenu from "@/components/menu/Menu";
  5 | import { AppointmentSection } from "@/components/section/appointmentSection";
  6 | import TeamSection from "@/components/section/TeamSection";

https://nextjs.org/docs/messages/module-not-found @ http://localhost:3000/_next/static/chunks/e00ff_next_dist_401433b6._.js:2405
[  849508ms] [ERROR] ./projects/uvibes-sitevitrine/src/app/uvibes/page.tsx:1:1
Module not found: Can't resolve '@/components/banner/heroBanner'
> 1 | import { HeroBanner } from "@/components/banner/heroBanner";
    | ^^^^^^^^^^^^^^^^^^^^^^^^^^^^^^^^^^^^^^^^^^^^^^^^^^^^^^^^^^^^
  2 | import Footer from "@/components/footer/Footer";
  3 | import JsonLd from "@/components/JsonLd";
  4 | import FloatingMenu from "@/components/menu/Menu";

https://nextjs.org/docs/messages/module-not-found @ http://localhost:3000/_next/static/chunks/e00ff_next_dist_401433b6._.js:2405
[  849508ms] [ERROR] ./projects/uvibes-sitevitrine/src/app/uvibes/page.tsx:2:1
Module not found: Can't resolve '@/components/footer/Footer'
  1 | import { HeroBanner } from "@/components/banner/heroBanner";
> 2 | import Footer from "@/components/footer/Footer";
    | ^^^^^^^^^^^^^^^^^^^^^^^^^^^^^^^^^^^^^^^^^^^^^^^^
  3 | import JsonLd from "@/components/JsonLd";
  4 | import FloatingMenu from "@/components/menu/Menu";
  5 | import { AppointmentSection } from "@/components/section/appointmentSection";

https://nextjs.org/docs/messages/module-not-found @ http://localhost:3000/_next/static/chunks/e00ff_next_dist_401433b6._.js:2405
[  849508ms] [ERROR] ./projects/uvibes-sitevitrine/src/app/uvibes/page.tsx:4:1
Module not found: Can't resolve '@/components/menu/Menu'
  2 | import Footer from "@/components/footer/Footer";
  3 | import JsonLd from "@/components/JsonLd";
> 4 | import FloatingMenu from "@/components/menu/Menu";
    | ^^^^^^^^^^^^^^^^^^^^^^^^^^^^^^^^^^^^^^^^^^^^^^^^^^
  5 | import { AppointmentSection } from "@/components/section/appointmentSection";
  6 | import TeamSection from "@/components/section/TeamSection";
  7 | import HelloAssoDon from "@/components/uvibes/HelloAssoDon";

https://nextjs.org/docs/messages/module-not-found @ http://localhost:3000/_next/static/chunks/e00ff_next_dist_401433b6._.js:2405
[  849509ms] [ERROR] ./projects/uvibes-sitevitrine/src/app/uvibes/page.tsx:6:1
Module not found: Can't resolve '@/components/section/TeamSection'
  4 | import FloatingMenu from "@/components/menu/Menu";
  5 | import { AppointmentSection } from "@/components/section/appointmentSection";
> 6 | import TeamSection from "@/components/section/TeamSection";
    | ^^^^^^^^^^^^^^^^^^^^^^^^^^^^^^^^^^^^^^^^^^^^^^^^^^^^^^^^^^^
  7 | import HelloAssoDon from "@/components/uvibes/HelloAssoDon";
  8 | import { buildMetadata, SITE_URL } from "@/lib/seo";
  9 | import { DotIcon } from "lucide-react";

https://nextjs.org/docs/messages/module-not-found @ http://localhost:3000/_next/static/chunks/e00ff_next_dist_401433b6._.js:2405
[  849509ms] [ERROR] ./projects/uvibes-sitevitrine/src/app/uvibes/page.tsx:5:1
Module not found: Can't resolve '@/components/section/appointmentSection'
  3 | import JsonLd from "@/components/JsonLd";
  4 | import FloatingMenu from "@/components/menu/Menu";
> 5 | import { AppointmentSection } from "@/components/section/appointmentSection";
    | ^^^^^^^^^^^^^^^^^^^^^^^^^^^^^^^^^^^^^^^^^^^^^^^^^^^^^^^^^^^^^^^^^^^^^^^^^^^^^
  6 | import TeamSection from "@/components/section/TeamSection";
  7 | import HelloAssoDon from "@/components/uvibes/HelloAssoDon";
  8 | import { buildMetadata, SITE_URL } from "@/lib/seo";

https://nextjs.org/docs/messages/module-not-found @ http://localhost:3000/_next/static/chunks/e00ff_next_dist_401433b6._.js:2405
[  849509ms] [ERROR] ./projects/uvibes-sitevitrine/src/app/uvibes/page.tsx:7:1
Module not found: Can't resolve '@/components/uvibes/HelloAssoDon'
   5 | import { AppointmentSection } from "@/components/section/appointmentSection";
   6 | import TeamSection from "@/components/section/TeamSection";
>  7 | import HelloAssoDon from "@/components/uvibes/HelloAssoDon";
     | ^^^^^^^^^^^^^^^^^^^^^^^^^^^^^^^^^^^^^^^^^^^^^^^^^^^^^^^^^^^^
   8 | import { buildMetadata, SITE_URL } from "@/lib/seo";
   9 | import { DotIcon } from "lucide-react";
  10 | import type { Metadata } from "next";

https://nextjs.org/docs/messages/module-not-found @ http://localhost:3000/_next/static/chunks/e00ff_next_dist_401433b6._.js:2405
[  849509ms] [ERROR] ./projects/uvibes-sitevitrine/src/app/uvibes/page.tsx:8:1
Module not found: Can't resolve '@/lib/seo'
   6 | import TeamSection from "@/components/section/TeamSection";
   7 | import HelloAssoDon from "@/components/uvibes/HelloAssoDon";
>  8 | import { buildMetadata, SITE_URL } from "@/lib/seo";
     | ^^^^^^^^^^^^^^^^^^^^^^^^^^^^^^^^^^^^^^^^^^^^^^^^^^^^
   9 | import { DotIcon } from "lucide-react";
  10 | import type { Metadata } from "next";
  11 | import Image from "next/image";

https://nextjs.org/docs/messages/module-not-found @ http://localhost:3000/_next/static/chunks/e00ff_next_dist_401433b6._.js:2405
[  849510ms] [ERROR] ./projects/uvibes-sitevitrine/src/app/blog/page.tsx:4:1
Module not found: Can't resolve '@/components/JsonLd'
  2 | import AllArticle from "@/components/blog/allArticle";
  3 | import Footer from "@/components/footer/Footer";
> 4 | import JsonLd from "@/components/JsonLd";
    | ^^^^^^^^^^^^^^^^^^^^^^^^^^^^^^^^^^^^^^^^^
  5 | import FloatingMenu from "@/components/menu/Menu";
  6 | import { buildMetadata, SITE_URL } from "@/lib/seo";
  7 | import type { Metadata } from "next";

https://nextjs.org/docs/messages/module-not-found @ http://localhost:3000/_next/static/chunks/e00ff_next_dist_401433b6._.js:2405
[  849510ms] [ERROR] ./projects/uvibes-sitevitrine/src/app/blog/page.tsx:1:1
Module not found: Can't resolve '@/components/banner/heroBanner'
> 1 | import { HeroBanner } from "@/components/banner/heroBanner";
    | ^^^^^^^^^^^^^^^^^^^^^^^^^^^^^^^^^^^^^^^^^^^^^^^^^^^^^^^^^^^^
  2 | import AllArticle from "@/components/blog/allArticle";
  3 | import Footer from "@/components/footer/Footer";
  4 | import JsonLd from "@/components/JsonLd";

https://nextjs.org/docs/messages/module-not-found @ http://localhost:3000/_next/static/chunks/e00ff_next_dist_401433b6._.js:2405
[  849510ms] [ERROR] ./projects/uvibes-sitevitrine/src/app/blog/page.tsx:2:1
Module not found: Can't resolve '@/components/blog/allArticle'
  1 | import { HeroBanner } from "@/components/banner/heroBanner";
> 2 | import AllArticle from "@/components/blog/allArticle";
    | ^^^^^^^^^^^^^^^^^^^^^^^^^^^^^^^^^^^^^^^^^^^^^^^^^^^^^^
  3 | import Footer from "@/components/footer/Footer";
  4 | import JsonLd from "@/components/JsonLd";
  5 | import FloatingMenu from "@/components/menu/Menu";

https://nextjs.org/docs/messages/module-not-found @ http://localhost:3000/_next/static/chunks/e00ff_next_dist_401433b6._.js:2405
[  849510ms] [ERROR] ./projects/uvibes-sitevitrine/src/app/blog/page.tsx:3:1
Module not found: Can't resolve '@/components/footer/Footer'
  1 | import { HeroBanner } from "@/components/banner/heroBanner";
  2 | import AllArticle from "@/components/blog/allArticle";
> 3 | import Footer from "@/components/footer/Footer";
    | ^^^^^^^^^^^^^^^^^^^^^^^^^^^^^^^^^^^^^^^^^^^^^^^^
  4 | import JsonLd from "@/components/JsonLd";
  5 | import FloatingMenu from "@/components/menu/Menu";
  6 | import { buildMetadata, SITE_URL } from "@/lib/seo";

https://nextjs.org/docs/messages/module-not-found @ http://localhost:3000/_next/static/chunks/e00ff_next_dist_401433b6._.js:2405
[  849511ms] [ERROR] ./projects/uvibes-sitevitrine/src/app/blog/page.tsx:5:1
Module not found: Can't resolve '@/components/menu/Menu'
  3 | import Footer from "@/components/footer/Footer";
  4 | import JsonLd from "@/components/JsonLd";
> 5 | import FloatingMenu from "@/components/menu/Menu";
    | ^^^^^^^^^^^^^^^^^^^^^^^^^^^^^^^^^^^^^^^^^^^^^^^^^^
  6 | import { buildMetadata, SITE_URL } from "@/lib/seo";
  7 | import type { Metadata } from "next";
  8 |

https://nextjs.org/docs/messages/module-not-found @ http://localhost:3000/_next/static/chunks/e00ff_next_dist_401433b6._.js:2405
[  849511ms] [ERROR] ./projects/uvibes-sitevitrine/src/app/blog/page.tsx:6:1
Module not found: Can't resolve '@/lib/seo'
  4 | import JsonLd from "@/components/JsonLd";
  5 | import FloatingMenu from "@/components/menu/Menu";
> 6 | import { buildMetadata, SITE_URL } from "@/lib/seo";
    | ^^^^^^^^^^^^^^^^^^^^^^^^^^^^^^^^^^^^^^^^^^^^^^^^^^^^
  7 | import type { Metadata } from "next";
  8 |
  9 | export const metadata: Metadata = buildMetadata("blog");

https://nextjs.org/docs/messages/module-not-found @ http://localhost:3000/_next/static/chunks/e00ff_next_dist_401433b6._.js:2405
[  849528ms] [LOG] [Fast Refresh] rebuilding @ http://localhost:3000/_next/static/chunks/e00ff_next_dist_client_2572762d._.js:5956
[  870985ms] [ERROR] ./projects/uvibes-sitevitrine/src/app/solution/page.tsx:4:1
Module not found: Can't resolve '@/components/JsonLd'
  2 | import { PartnerBanner } from "@/components/banner/partnerBanner";
  3 | import Footer from "@/components/footer/Footer";
> 4 | import JsonLd from "@/components/JsonLd";
    | ^^^^^^^^^^^^^^^^^^^^^^^^^^^^^^^^^^^^^^^^^
  5 | import FloatingMenu from "@/components/menu/Menu";
  6 | import { AppointmentSection } from "@/components/section/appointmentSection";
  7 | import SolutionTabs from "@/components/solution/SolutionTabs";

https://nextjs.org/docs/messages/module-not-found @ http://localhost:3000/_next/static/chunks/e00ff_next_dist_401433b6._.js:2405
[  870989ms] [ERROR] ./projects/uvibes-sitevitrine/src/app/solution/page.tsx:1:1
Module not found: Can't resolve '@/components/banner/heroBanner'
> 1 | import { HeroBanner } from "@/components/banner/heroBanner";
    | ^^^^^^^^^^^^^^^^^^^^^^^^^^^^^^^^^^^^^^^^^^^^^^^^^^^^^^^^^^^^
  2 | import { PartnerBanner } from "@/components/banner/partnerBanner";
  3 | import Footer from "@/components/footer/Footer";
  4 | import JsonLd from "@/components/JsonLd";

https://nextjs.org/docs/messages/module-not-found @ http://localhost:3000/_next/static/chunks/e00ff_next_dist_401433b6._.js:2405
[  870989ms] [ERROR] ./projects/uvibes-sitevitrine/src/app/solution/page.tsx:2:1
Module not found: Can't resolve '@/components/banner/partnerBanner'
  1 | import { HeroBanner } from "@/components/banner/heroBanner";
> 2 | import { PartnerBanner } from "@/components/banner/partnerBanner";
    | ^^^^^^^^^^^^^^^^^^^^^^^^^^^^^^^^^^^^^^^^^^^^^^^^^^^^^^^^^^^^^^^^^^
  3 | import Footer from "@/components/footer/Footer";
  4 | import JsonLd from "@/components/JsonLd";
  5 | import FloatingMenu from "@/components/menu/Menu";

https://nextjs.org/docs/messages/module-not-found @ http://localhost:3000/_next/static/chunks/e00ff_next_dist_401433b6._.js:2405
[  870989ms] [ERROR] ./projects/uvibes-sitevitrine/src/app/layout.tsx:1:1
Module not found: Can't resolve '@/components/cookieConsent'
> 1 | import CookieConsent from "@/components/cookieConsent";
    | ^^^^^^^^^^^^^^^^^^^^^^^^^^^^^^^^^^^^^^^^^^^^^^^^^^^^^^^
  2 | import MaintenanceWrapper from "@/components/maintenance/MaintenanceWrapper";
  3 | import { getMaintenanceStatus } from "@/lib/maintenanceState";
  4 | import { OG_IMAGE_DEFAULT, PAGE_SEO, SITE_NAME, SITE_URL } from "@/lib/seo";

https://nextjs.org/docs/messages/module-not-found @ http://localhost:3000/_next/static/chunks/e00ff_next_dist_401433b6._.js:2405
[  870989ms] [ERROR] ./projects/uvibes-sitevitrine/src/app/solution/page.tsx:3:1
Module not found: Can't resolve '@/components/footer/Footer'
  1 | import { HeroBanner } from "@/components/banner/heroBanner";
  2 | import { PartnerBanner } from "@/components/banner/partnerBanner";
> 3 | import Footer from "@/components/footer/Footer";
    | ^^^^^^^^^^^^^^^^^^^^^^^^^^^^^^^^^^^^^^^^^^^^^^^^
  4 | import JsonLd from "@/components/JsonLd";
  5 | import FloatingMenu from "@/components/menu/Menu";
  6 | import { AppointmentSection } from "@/components/section/appointmentSection";

https://nextjs.org/docs/messages/module-not-found @ http://localhost:3000/_next/static/chunks/e00ff_next_dist_401433b6._.js:2405
[  870990ms] [ERROR] ./projects/uvibes-sitevitrine/src/app/layout.tsx:2:1
Module not found: Can't resolve '@/components/maintenance/MaintenanceWrapper'
  1 | import CookieConsent from "@/components/cookieConsent";
> 2 | import MaintenanceWrapper from "@/components/maintenance/MaintenanceWrapper";
    | ^^^^^^^^^^^^^^^^^^^^^^^^^^^^^^^^^^^^^^^^^^^^^^^^^^^^^^^^^^^^^^^^^^^^^^^^^^^^^
  3 | import { getMaintenanceStatus } from "@/lib/maintenanceState";
  4 | import { OG_IMAGE_DEFAULT, PAGE_SEO, SITE_NAME, SITE_URL } from "@/lib/seo";
  5 | import type { Metadata } from "next";

https://nextjs.org/docs/messages/module-not-found @ http://localhost:3000/_next/static/chunks/e00ff_next_dist_401433b6._.js:2405
[  870990ms] [ERROR] ./projects/uvibes-sitevitrine/src/app/solution/page.tsx:5:1
Module not found: Can't resolve '@/components/menu/Menu'
  3 | import Footer from "@/components/footer/Footer";
  4 | import JsonLd from "@/components/JsonLd";
> 5 | import FloatingMenu from "@/components/menu/Menu";
    | ^^^^^^^^^^^^^^^^^^^^^^^^^^^^^^^^^^^^^^^^^^^^^^^^^^
  6 | import { AppointmentSection } from "@/components/section/appointmentSection";
  7 | import SolutionTabs from "@/components/solution/SolutionTabs";
  8 | import { buildMetadata, SITE_URL } from "@/lib/seo";

https://nextjs.org/docs/messages/module-not-found @ http://localhost:3000/_next/static/chunks/e00ff_next_dist_401433b6._.js:2405
[  870990ms] [ERROR] ./projects/uvibes-sitevitrine/src/app/solution/page.tsx:6:1
Module not found: Can't resolve '@/components/section/appointmentSection'
  4 | import JsonLd from "@/components/JsonLd";
  5 | import FloatingMenu from "@/components/menu/Menu";
> 6 | import { AppointmentSection } from "@/components/section/appointmentSection";
    | ^^^^^^^^^^^^^^^^^^^^^^^^^^^^^^^^^^^^^^^^^^^^^^^^^^^^^^^^^^^^^^^^^^^^^^^^^^^^^
  7 | import SolutionTabs from "@/components/solution/SolutionTabs";
  8 | import { buildMetadata, SITE_URL } from "@/lib/seo";
  9 | import type { Metadata } from "next";

https://nextjs.org/docs/messages/module-not-found @ http://localhost:3000/_next/static/chunks/e00ff_next_dist_401433b6._.js:2405
[  870990ms] [ERROR] ./projects/uvibes-sitevitrine/src/app/solution/page.tsx:7:1
Module not found: Can't resolve '@/components/solution/SolutionTabs'
   5 | import FloatingMenu from "@/components/menu/Menu";
   6 | import { AppointmentSection } from "@/components/section/appointmentSection";
>  7 | import SolutionTabs from "@/components/solution/SolutionTabs";
     | ^^^^^^^^^^^^^^^^^^^^^^^^^^^^^^^^^^^^^^^^^^^^^^^^^^^^^^^^^^^^^^
   8 | import { buildMetadata, SITE_URL } from "@/lib/seo";
   9 | import type { Metadata } from "next";
  10 |

https://nextjs.org/docs/messages/module-not-found @ http://localhost:3000/_next/static/chunks/e00ff_next_dist_401433b6._.js:2405
[  870990ms] [ERROR] ./projects/uvibes-sitevitrine/src/app/layout.tsx:3:1
Module not found: Can't resolve '@/lib/maintenanceState'
  1 | import CookieConsent from "@/components/cookieConsent";
  2 | import MaintenanceWrapper from "@/components/maintenance/MaintenanceWrapper";
> 3 | import { getMaintenanceStatus } from "@/lib/maintenanceState";
    | ^^^^^^^^^^^^^^^^^^^^^^^^^^^^^^^^^^^^^^^^^^^^^^^^^^^^^^^^^^^^^^
  4 | import { OG_IMAGE_DEFAULT, PAGE_SEO, SITE_NAME, SITE_URL } from "@/lib/seo";
  5 | import type { Metadata } from "next";
  6 | import { Roboto } from "next/font/google";

https://nextjs.org/docs/messages/module-not-found @ http://localhost:3000/_next/static/chunks/e00ff_next_dist_401433b6._.js:2405
[  870990ms] [ERROR] ./projects/uvibes-sitevitrine/src/app/layout.tsx:4:1
Module not found: Can't resolve '@/lib/seo'
  2 | import MaintenanceWrapper from "@/components/maintenance/MaintenanceWrapper";
  3 | import { getMaintenanceStatus } from "@/lib/maintenanceState";
> 4 | import { OG_IMAGE_DEFAULT, PAGE_SEO, SITE_NAME, SITE_URL } from "@/lib/seo";
    | ^^^^^^^^^^^^^^^^^^^^^^^^^^^^^^^^^^^^^^^^^^^^^^^^^^^^^^^^^^^^^^^^^^^^^^^^^^^^
  5 | import type { Metadata } from "next";
  6 | import { Roboto } from "next/font/google";
  7 | import Script from "next/script";

https://nextjs.org/docs/messages/module-not-found @ http://localhost:3000/_next/static/chunks/e00ff_next_dist_401433b6._.js:2405
[  870991ms] [ERROR] ./projects/uvibes-sitevitrine/src/app/solution/page.tsx:8:1
Module not found: Can't resolve '@/lib/seo'
   6 | import { AppointmentSection } from "@/components/section/appointmentSection";
   7 | import SolutionTabs from "@/components/solution/SolutionTabs";
>  8 | import { buildMetadata, SITE_URL } from "@/lib/seo";
     | ^^^^^^^^^^^^^^^^^^^^^^^^^^^^^^^^^^^^^^^^^^^^^^^^^^^^
   9 | import type { Metadata } from "next";
  10 |
  11 | export const metadata: Metadata = buildMetadata("solution");

https://nextjs.org/docs/messages/module-not-found @ http://localhost:3000/_next/static/chunks/e00ff_next_dist_401433b6._.js:2405
[  870992ms] [ERROR] ./projects/uvibes-sitevitrine/src/app/page.tsx:1:1
Module not found: Can't resolve '@/components/banner/HeroContent'
> 1 | import HeroContent from "@/components/banner/HeroContent";
    | ^^^^^^^^^^^^^^^^^^^^^^^^^^^^^^^^^^^^^^^^^^^^^^^^^^^^^^^^^^
  2 | import Contact from "@/components/contact/contact";
  3 | import Footer from "@/components/footer/Footer";
  4 | import FloatingMenu from "@/components/menu/Menu";

https://nextjs.org/docs/messages/module-not-found @ http://localhost:3000/_next/static/chunks/e00ff_next_dist_401433b6._.js:2405
[  870992ms] [ERROR] ./projects/uvibes-sitevitrine/src/app/page.tsx:7:1
Module not found: Can't resolve '@/components/cards/userNumberCard'
   5 | import FeaturedArticles from "@/components/section/FeaturedArticles";
   6 |
>  7 | import UserNumberCard from "@/components/cards/userNumberCard";
     | ^^^^^^^^^^^^^^^^^^^^^^^^^^^^^^^^^^^^^^^^^^^^^^^^^^^^^^^^^^^^^^^
   8 | import VideoCard from "@/components/cards/videoCard";
   9 | import { PartnerCarousel } from "@/components/carousel/PartnerCarousel";
  10 | import HowItWorks from "@/components/section/HowItWorks";

https://nextjs.org/docs/messages/module-not-found @ http://localhost:3000/_next/static/chunks/e00ff_next_dist_401433b6._.js:2405
[  870992ms] [ERROR] ./projects/uvibes-sitevitrine/src/app/page.tsx:8:1
Module not found: Can't resolve '@/components/cards/videoCard'
   6 |
   7 | import UserNumberCard from "@/components/cards/userNumberCard";
>  8 | import VideoCard from "@/components/cards/videoCard";
     | ^^^^^^^^^^^^^^^^^^^^^^^^^^^^^^^^^^^^^^^^^^^^^^^^^^^^^
   9 | import { PartnerCarousel } from "@/components/carousel/PartnerCarousel";
  10 | import HowItWorks from "@/components/section/HowItWorks";
  11 | import AvantagesHome from "@/components/section/AvantagesHome";

https://nextjs.org/docs/messages/module-not-found @ http://localhost:3000/_next/static/chunks/e00ff_next_dist_401433b6._.js:2405
[  870992ms] [ERROR] ./projects/uvibes-sitevitrine/src/app/page.tsx:9:1
Module not found: Can't resolve '@/components/carousel/PartnerCarousel'
   7 | import UserNumberCard from "@/components/cards/userNumberCard";
   8 | import VideoCard from "@/components/cards/videoCard";
>  9 | import { PartnerCarousel } from "@/components/carousel/PartnerCarousel";
     | ^^^^^^^^^^^^^^^^^^^^^^^^^^^^^^^^^^^^^^^^^^^^^^^^^^^^^^^^^^^^^^^^^^^^^^^^
  10 | import HowItWorks from "@/components/section/HowItWorks";
  11 | import AvantagesHome from "@/components/section/AvantagesHome";
  12 | import WhyUvibes from "@/components/section/WhyUvibes";

https://nextjs.org/docs/messages/module-not-found @ http://localhost:3000/_next/static/chunks/e00ff_next_dist_401433b6._.js:2405
[  870993ms] [ERROR] ./projects/uvibes-sitevitrine/src/app/page.tsx:2:1
Module not found: Can't resolve '@/components/contact/contact'
  1 | import HeroContent from "@/components/banner/HeroContent";
> 2 | import Contact from "@/components/contact/contact";
    | ^^^^^^^^^^^^^^^^^^^^^^^^^^^^^^^^^^^^^^^^^^^^^^^^^^^
  3 | import Footer from "@/components/footer/Footer";
  4 | import FloatingMenu from "@/components/menu/Menu";
  5 | import FeaturedArticles from "@/components/section/FeaturedArticles";

https://nextjs.org/docs/messages/module-not-found @ http://localhost:3000/_next/static/chunks/e00ff_next_dist_401433b6._.js:2405
[  870993ms] [ERROR] ./projects/uvibes-sitevitrine/src/app/page.tsx:3:1
Module not found: Can't resolve '@/components/footer/Footer'
  1 | import HeroContent from "@/components/banner/HeroContent";
  2 | import Contact from "@/components/contact/contact";
> 3 | import Footer from "@/components/footer/Footer";
    | ^^^^^^^^^^^^^^^^^^^^^^^^^^^^^^^^^^^^^^^^^^^^^^^^
  4 | import FloatingMenu from "@/components/menu/Menu";
  5 | import FeaturedArticles from "@/components/section/FeaturedArticles";
  6 |

https://nextjs.org/docs/messages/module-not-found @ http://localhost:3000/_next/static/chunks/e00ff_next_dist_401433b6._.js:2405
[  870993ms] [ERROR] ./projects/uvibes-sitevitrine/src/app/page.tsx:4:1
Module not found: Can't resolve '@/components/menu/Menu'
  2 | import Contact from "@/components/contact/contact";
  3 | import Footer from "@/components/footer/Footer";
> 4 | import FloatingMenu from "@/components/menu/Menu";
    | ^^^^^^^^^^^^^^^^^^^^^^^^^^^^^^^^^^^^^^^^^^^^^^^^^^
  5 | import FeaturedArticles from "@/components/section/FeaturedArticles";
  6 |
  7 | import UserNumberCard from "@/components/cards/userNumberCard";

https://nextjs.org/docs/messages/module-not-found @ http://localhost:3000/_next/static/chunks/e00ff_next_dist_401433b6._.js:2405
[  870993ms] [ERROR] ./projects/uvibes-sitevitrine/src/app/page.tsx:11:1
Module not found: Can't resolve '@/components/section/AvantagesHome'
   9 | import { PartnerCarousel } from "@/components/carousel/PartnerCarousel";
  10 | import HowItWorks from "@/components/section/HowItWorks";
> 11 | import AvantagesHome from "@/components/section/AvantagesHome";
     | ^^^^^^^^^^^^^^^^^^^^^^^^^^^^^^^^^^^^^^^^^^^^^^^^^^^^^^^^^^^^^^^
  12 | import WhyUvibes from "@/components/section/WhyUvibes";
  13 | import Testimony from "@/components/testimony/testimony";
  14 | import { BenefitsHomeSection } from "../components/section/BenefitsHomeSection";

https://nextjs.org/docs/messages/module-not-found @ http://localhost:3000/_next/static/chunks/e00ff_next_dist_401433b6._.js:2405
[  870993ms] [ERROR] ./projects/uvibes-sitevitrine/src/app/page.tsx:5:1
Module not found: Can't resolve '@/components/section/FeaturedArticles'
  3 | import Footer from "@/components/footer/Footer";
  4 | import FloatingMenu from "@/components/menu/Menu";
> 5 | import FeaturedArticles from "@/components/section/FeaturedArticles";
    | ^^^^^^^^^^^^^^^^^^^^^^^^^^^^^^^^^^^^^^^^^^^^^^^^^^^^^^^^^^^^^^^^^^^^^
  6 |
  7 | import UserNumberCard from "@/components/cards/userNumberCard";
  8 | import VideoCard from "@/components/cards/videoCard";

https://nextjs.org/docs/messages/module-not-found @ http://localhost:3000/_next/static/chunks/e00ff_next_dist_401433b6._.js:2405
[  870994ms] [ERROR] ./projects/uvibes-sitevitrine/src/app/page.tsx:10:1
Module not found: Can't resolve '@/components/section/HowItWorks'
   8 | import VideoCard from "@/components/cards/videoCard";
   9 | import { PartnerCarousel } from "@/components/carousel/PartnerCarousel";
> 10 | import HowItWorks from "@/components/section/HowItWorks";
     | ^^^^^^^^^^^^^^^^^^^^^^^^^^^^^^^^^^^^^^^^^^^^^^^^^^^^^^^^^
  11 | import AvantagesHome from "@/components/section/AvantagesHome";
  12 | import WhyUvibes from "@/components/section/WhyUvibes";
  13 | import Testimony from "@/components/testimony/testimony";

https://nextjs.org/docs/messages/module-not-found @ http://localhost:3000/_next/static/chunks/e00ff_next_dist_401433b6._.js:2405
[  870994ms] [ERROR] ./projects/uvibes-sitevitrine/src/app/page.tsx:12:1
Module not found: Can't resolve '@/components/section/WhyUvibes'
  10 | import HowItWorks from "@/components/section/HowItWorks";
  11 | import AvantagesHome from "@/components/section/AvantagesHome";
> 12 | import WhyUvibes from "@/components/section/WhyUvibes";
     | ^^^^^^^^^^^^^^^^^^^^^^^^^^^^^^^^^^^^^^^^^^^^^^^^^^^^^^^
  13 | import Testimony from "@/components/testimony/testimony";
  14 | import { BenefitsHomeSection } from "../components/section/BenefitsHomeSection";
  15 | const mockupHome = "/images/mochupHome.png";

https://nextjs.org/docs/messages/module-not-found @ http://localhost:3000/_next/static/chunks/e00ff_next_dist_401433b6._.js:2405
[  870994ms] [ERROR] ./projects/uvibes-sitevitrine/src/app/page.tsx:13:1
Module not found: Can't resolve '@/components/testimony/testimony'
  11 | import AvantagesHome from "@/components/section/AvantagesHome";
  12 | import WhyUvibes from "@/components/section/WhyUvibes";
> 13 | import Testimony from "@/components/testimony/testimony";
     | ^^^^^^^^^^^^^^^^^^^^^^^^^^^^^^^^^^^^^^^^^^^^^^^^^^^^^^^^^
  14 | import { BenefitsHomeSection } from "../components/section/BenefitsHomeSection";
  15 | const mockupHome = "/images/mochupHome.png";
  16 |

https://nextjs.org/docs/messages/module-not-found @ http://localhost:3000/_next/static/chunks/e00ff_next_dist_401433b6._.js:2405
[  870994ms] [ERROR] ./projects/uvibes-sitevitrine/src/app/page.tsx:17:1
Module not found: Can't resolve '@/services/home/fetchHomeContent'
  15 | const mockupHome = "/images/mochupHome.png";
  16 |
> 17 | import { fetchHomeContent } from "@/services/home/fetchHomeContent";
     | ^^^^^^^^^^^^^^^^^^^^^^^^^^^^^^^^^^^^^^^^^^^^^^^^^^^^^^^^^^^^^^^^^^^^
  18 |
  19 | // Server Component — le fetch WordPress se fait côté serveur, le HTML est pré-rempli pour le SEO
  20 | export default async function Home() {

https://nextjs.org/docs/messages/module-not-found @ http://localhost:3000/_next/static/chunks/e00ff_next_dist_401433b6._.js:2405
[  870994ms] [ERROR] ./projects/uvibes-sitevitrine/src/app/uvibes/page.tsx:3:1
Module not found: Can't resolve '@/components/JsonLd'
  1 | import { HeroBanner } from "@/components/banner/heroBanner";
  2 | import Footer from "@/components/footer/Footer";
> 3 | import JsonLd from "@/components/JsonLd";
    | ^^^^^^^^^^^^^^^^^^^^^^^^^^^^^^^^^^^^^^^^^
  4 | import FloatingMenu from "@/components/menu/Menu";
  5 | import { AppointmentSection } from "@/components/section/appointmentSection";
  6 | import TeamSection from "@/components/section/TeamSection";

https://nextjs.org/docs/messages/module-not-found @ http://localhost:3000/_next/static/chunks/e00ff_next_dist_401433b6._.js:2405
[  870994ms] [ERROR] ./projects/uvibes-sitevitrine/src/app/uvibes/page.tsx:1:1
Module not found: Can't resolve '@/components/banner/heroBanner'
> 1 | import { HeroBanner } from "@/components/banner/heroBanner";
    | ^^^^^^^^^^^^^^^^^^^^^^^^^^^^^^^^^^^^^^^^^^^^^^^^^^^^^^^^^^^^
  2 | import Footer from "@/components/footer/Footer";
  3 | import JsonLd from "@/components/JsonLd";
  4 | import FloatingMenu from "@/components/menu/Menu";

https://nextjs.org/docs/messages/module-not-found @ http://localhost:3000/_next/static/chunks/e00ff_next_dist_401433b6._.js:2405
[  870994ms] [ERROR] ./projects/uvibes-sitevitrine/src/app/uvibes/page.tsx:2:1
Module not found: Can't resolve '@/components/footer/Footer'
  1 | import { HeroBanner } from "@/components/banner/heroBanner";
> 2 | import Footer from "@/components/footer/Footer";
    | ^^^^^^^^^^^^^^^^^^^^^^^^^^^^^^^^^^^^^^^^^^^^^^^^
  3 | import JsonLd from "@/components/JsonLd";
  4 | import FloatingMenu from "@/components/menu/Menu";
  5 | import { AppointmentSection } from "@/components/section/appointmentSection";

https://nextjs.org/docs/messages/module-not-found @ http://localhost:3000/_next/static/chunks/e00ff_next_dist_401433b6._.js:2405
[  870994ms] [ERROR] ./projects/uvibes-sitevitrine/src/app/uvibes/page.tsx:4:1
Module not found: Can't resolve '@/components/menu/Menu'
  2 | import Footer from "@/components/footer/Footer";
  3 | import JsonLd from "@/components/JsonLd";
> 4 | import FloatingMenu from "@/components/menu/Menu";
    | ^^^^^^^^^^^^^^^^^^^^^^^^^^^^^^^^^^^^^^^^^^^^^^^^^^
  5 | import { AppointmentSection } from "@/components/section/appointmentSection";
  6 | import TeamSection from "@/components/section/TeamSection";
  7 | import HelloAssoDon from "@/components/uvibes/HelloAssoDon";

https://nextjs.org/docs/messages/module-not-found @ http://localhost:3000/_next/static/chunks/e00ff_next_dist_401433b6._.js:2405
[  870994ms] [ERROR] ./projects/uvibes-sitevitrine/src/app/uvibes/page.tsx:6:1
Module not found: Can't resolve '@/components/section/TeamSection'
  4 | import FloatingMenu from "@/components/menu/Menu";
  5 | import { AppointmentSection } from "@/components/section/appointmentSection";
> 6 | import TeamSection from "@/components/section/TeamSection";
    | ^^^^^^^^^^^^^^^^^^^^^^^^^^^^^^^^^^^^^^^^^^^^^^^^^^^^^^^^^^^
  7 | import HelloAssoDon from "@/components/uvibes/HelloAssoDon";
  8 | import { buildMetadata, SITE_URL } from "@/lib/seo";
  9 | import { DotIcon } from "lucide-react";

https://nextjs.org/docs/messages/module-not-found @ http://localhost:3000/_next/static/chunks/e00ff_next_dist_401433b6._.js:2405
[  870994ms] [ERROR] ./projects/uvibes-sitevitrine/src/app/uvibes/page.tsx:5:1
Module not found: Can't resolve '@/components/section/appointmentSection'
  3 | import JsonLd from "@/components/JsonLd";
  4 | import FloatingMenu from "@/components/menu/Menu";
> 5 | import { AppointmentSection } from "@/components/section/appointmentSection";
    | ^^^^^^^^^^^^^^^^^^^^^^^^^^^^^^^^^^^^^^^^^^^^^^^^^^^^^^^^^^^^^^^^^^^^^^^^^^^^^
  6 | import TeamSection from "@/components/section/TeamSection";
  7 | import HelloAssoDon from "@/components/uvibes/HelloAssoDon";
  8 | import { buildMetadata, SITE_URL } from "@/lib/seo";

https://nextjs.org/docs/messages/module-not-found @ http://localhost:3000/_next/static/chunks/e00ff_next_dist_401433b6._.js:2405
[  870994ms] [ERROR] ./projects/uvibes-sitevitrine/src/app/uvibes/page.tsx:7:1
Module not found: Can't resolve '@/components/uvibes/HelloAssoDon'
   5 | import { AppointmentSection } from "@/components/section/appointmentSection";
   6 | import TeamSection from "@/components/section/TeamSection";
>  7 | import HelloAssoDon from "@/components/uvibes/HelloAssoDon";
     | ^^^^^^^^^^^^^^^^^^^^^^^^^^^^^^^^^^^^^^^^^^^^^^^^^^^^^^^^^^^^
   8 | import { buildMetadata, SITE_URL } from "@/lib/seo";
   9 | import { DotIcon } from "lucide-react";
  10 | import type { Metadata } from "next";

https://nextjs.org/docs/messages/module-not-found @ http://localhost:3000/_next/static/chunks/e00ff_next_dist_401433b6._.js:2405
[  870995ms] [ERROR] ./projects/uvibes-sitevitrine/src/app/uvibes/page.tsx:8:1
Module not found: Can't resolve '@/lib/seo'
   6 | import TeamSection from "@/components/section/TeamSection";
   7 | import HelloAssoDon from "@/components/uvibes/HelloAssoDon";
>  8 | import { buildMetadata, SITE_URL } from "@/lib/seo";
     | ^^^^^^^^^^^^^^^^^^^^^^^^^^^^^^^^^^^^^^^^^^^^^^^^^^^^
   9 | import { DotIcon } from "lucide-react";
  10 | import type { Metadata } from "next";
  11 | import Image from "next/image";

https://nextjs.org/docs/messages/module-not-found @ http://localhost:3000/_next/static/chunks/e00ff_next_dist_401433b6._.js:2405
[  870995ms] [ERROR] ./projects/uvibes-sitevitrine/src/app/blog/page.tsx:4:1
Module not found: Can't resolve '@/components/JsonLd'
  2 | import AllArticle from "@/components/blog/allArticle";
  3 | import Footer from "@/components/footer/Footer";
> 4 | import JsonLd from "@/components/JsonLd";
    | ^^^^^^^^^^^^^^^^^^^^^^^^^^^^^^^^^^^^^^^^^
  5 | import FloatingMenu from "@/components/menu/Menu";
  6 | import { buildMetadata, SITE_URL } from "@/lib/seo";
  7 | import type { Metadata } from "next";

https://nextjs.org/docs/messages/module-not-found @ http://localhost:3000/_next/static/chunks/e00ff_next_dist_401433b6._.js:2405
[  870995ms] [ERROR] ./projects/uvibes-sitevitrine/src/app/blog/page.tsx:1:1
Module not found: Can't resolve '@/components/banner/heroBanner'
> 1 | import { HeroBanner } from "@/components/banner/heroBanner";
    | ^^^^^^^^^^^^^^^^^^^^^^^^^^^^^^^^^^^^^^^^^^^^^^^^^^^^^^^^^^^^
  2 | import AllArticle from "@/components/blog/allArticle";
  3 | import Footer from "@/components/footer/Footer";
  4 | import JsonLd from "@/components/JsonLd";

https://nextjs.org/docs/messages/module-not-found @ http://localhost:3000/_next/static/chunks/e00ff_next_dist_401433b6._.js:2405
[  870995ms] [ERROR] ./projects/uvibes-sitevitrine/src/app/blog/page.tsx:2:1
Module not found: Can't resolve '@/components/blog/allArticle'
  1 | import { HeroBanner } from "@/components/banner/heroBanner";
> 2 | import AllArticle from "@/components/blog/allArticle";
    | ^^^^^^^^^^^^^^^^^^^^^^^^^^^^^^^^^^^^^^^^^^^^^^^^^^^^^^
  3 | import Footer from "@/components/footer/Footer";
  4 | import JsonLd from "@/components/JsonLd";
  5 | import FloatingMenu from "@/components/menu/Menu";

https://nextjs.org/docs/messages/module-not-found @ http://localhost:3000/_next/static/chunks/e00ff_next_dist_401433b6._.js:2405
[  870995ms] [ERROR] ./projects/uvibes-sitevitrine/src/app/blog/page.tsx:3:1
Module not found: Can't resolve '@/components/footer/Footer'
  1 | import { HeroBanner } from "@/components/banner/heroBanner";
  2 | import AllArticle from "@/components/blog/allArticle";
> 3 | import Footer from "@/components/footer/Footer";
    | ^^^^^^^^^^^^^^^^^^^^^^^^^^^^^^^^^^^^^^^^^^^^^^^^
  4 | import JsonLd from "@/components/JsonLd";
  5 | import FloatingMenu from "@/components/menu/Menu";
  6 | import { buildMetadata, SITE_URL } from "@/lib/seo";

https://nextjs.org/docs/messages/module-not-found @ http://localhost:3000/_next/static/chunks/e00ff_next_dist_401433b6._.js:2405
[  870995ms] [ERROR] ./projects/uvibes-sitevitrine/src/app/blog/page.tsx:5:1
Module not found: Can't resolve '@/components/menu/Menu'
  3 | import Footer from "@/components/footer/Footer";
  4 | import JsonLd from "@/components/JsonLd";
> 5 | import FloatingMenu from "@/components/menu/Menu";
    | ^^^^^^^^^^^^^^^^^^^^^^^^^^^^^^^^^^^^^^^^^^^^^^^^^^
  6 | import { buildMetadata, SITE_URL } from "@/lib/seo";
  7 | import type { Metadata } from "next";
  8 |

https://nextjs.org/docs/messages/module-not-found @ http://localhost:3000/_next/static/chunks/e00ff_next_dist_401433b6._.js:2405
[  870995ms] [ERROR] ./projects/uvibes-sitevitrine/src/app/blog/page.tsx:6:1
Module not found: Can't resolve '@/lib/seo'
  4 | import JsonLd from "@/components/JsonLd";
  5 | import FloatingMenu from "@/components/menu/Menu";
> 6 | import { buildMetadata, SITE_URL } from "@/lib/seo";
    | ^^^^^^^^^^^^^^^^^^^^^^^^^^^^^^^^^^^^^^^^^^^^^^^^^^^^
  7 | import type { Metadata } from "next";
  8 |
  9 | export const metadata: Metadata = buildMetadata("blog");

https://nextjs.org/docs/messages/module-not-found @ http://localhost:3000/_next/static/chunks/e00ff_next_dist_401433b6._.js:2405
[  871002ms] [LOG] [Fast Refresh] rebuilding @ http://localhost:3000/_next/static/chunks/e00ff_next_dist_client_2572762d._.js:5956
[  875228ms] [ERROR] ./projects/uvibes-sitevitrine/src/app/solution/page.tsx:4:1
Module not found: Can't resolve '@/components/JsonLd'
  2 | import { PartnerBanner } from "@/components/banner/partnerBanner";
  3 | import Footer from "@/components/footer/Footer";
> 4 | import JsonLd from "@/components/JsonLd";
    | ^^^^^^^^^^^^^^^^^^^^^^^^^^^^^^^^^^^^^^^^^
  5 | import FloatingMenu from "@/components/menu/Menu";
  6 | import { AppointmentSection } from "@/components/section/appointmentSection";
  7 | import SolutionTabs from "@/components/solution/SolutionTabs";

https://nextjs.org/docs/messages/module-not-found @ http://localhost:3000/_next/static/chunks/e00ff_next_dist_401433b6._.js:2405
[  875232ms] [ERROR] ./projects/uvibes-sitevitrine/src/app/solution/page.tsx:1:1
Module not found: Can't resolve '@/components/banner/heroBanner'
> 1 | import { HeroBanner } from "@/components/banner/heroBanner";
    | ^^^^^^^^^^^^^^^^^^^^^^^^^^^^^^^^^^^^^^^^^^^^^^^^^^^^^^^^^^^^
  2 | import { PartnerBanner } from "@/components/banner/partnerBanner";
  3 | import Footer from "@/components/footer/Footer";
  4 | import JsonLd from "@/components/JsonLd";

https://nextjs.org/docs/messages/module-not-found @ http://localhost:3000/_next/static/chunks/e00ff_next_dist_401433b6._.js:2405
[  875232ms] [ERROR] ./projects/uvibes-sitevitrine/src/app/solution/page.tsx:2:1
Module not found: Can't resolve '@/components/banner/partnerBanner'
  1 | import { HeroBanner } from "@/components/banner/heroBanner";
> 2 | import { PartnerBanner } from "@/components/banner/partnerBanner";
    | ^^^^^^^^^^^^^^^^^^^^^^^^^^^^^^^^^^^^^^^^^^^^^^^^^^^^^^^^^^^^^^^^^^
  3 | import Footer from "@/components/footer/Footer";
  4 | import JsonLd from "@/components/JsonLd";
  5 | import FloatingMenu from "@/components/menu/Menu";

https://nextjs.org/docs/messages/module-not-found @ http://localhost:3000/_next/static/chunks/e00ff_next_dist_401433b6._.js:2405
[  875232ms] [ERROR] ./projects/uvibes-sitevitrine/src/app/layout.tsx:1:1
Module not found: Can't resolve '@/components/cookieConsent'
> 1 | import CookieConsent from "@/components/cookieConsent";
    | ^^^^^^^^^^^^^^^^^^^^^^^^^^^^^^^^^^^^^^^^^^^^^^^^^^^^^^^
  2 | import MaintenanceWrapper from "@/components/maintenance/MaintenanceWrapper";
  3 | import { getMaintenanceStatus } from "@/lib/maintenanceState";
  4 | import { OG_IMAGE_DEFAULT, PAGE_SEO, SITE_NAME, SITE_URL } from "@/lib/seo";

https://nextjs.org/docs/messages/module-not-found @ http://localhost:3000/_next/static/chunks/e00ff_next_dist_401433b6._.js:2405
[  875232ms] [ERROR] ./projects/uvibes-sitevitrine/src/app/solution/page.tsx:3:1
Module not found: Can't resolve '@/components/footer/Footer'
  1 | import { HeroBanner } from "@/components/banner/heroBanner";
  2 | import { PartnerBanner } from "@/components/banner/partnerBanner";
> 3 | import Footer from "@/components/footer/Footer";
    | ^^^^^^^^^^^^^^^^^^^^^^^^^^^^^^^^^^^^^^^^^^^^^^^^
  4 | import JsonLd from "@/components/JsonLd";
  5 | import FloatingMenu from "@/components/menu/Menu";
  6 | import { AppointmentSection } from "@/components/section/appointmentSection";

https://nextjs.org/docs/messages/module-not-found @ http://localhost:3000/_next/static/chunks/e00ff_next_dist_401433b6._.js:2405
[  875232ms] [ERROR] ./projects/uvibes-sitevitrine/src/app/layout.tsx:2:1
Module not found: Can't resolve '@/components/maintenance/MaintenanceWrapper'
  1 | import CookieConsent from "@/components/cookieConsent";
> 2 | import MaintenanceWrapper from "@/components/maintenance/MaintenanceWrapper";
    | ^^^^^^^^^^^^^^^^^^^^^^^^^^^^^^^^^^^^^^^^^^^^^^^^^^^^^^^^^^^^^^^^^^^^^^^^^^^^^
  3 | import { getMaintenanceStatus } from "@/lib/maintenanceState";
  4 | import { OG_IMAGE_DEFAULT, PAGE_SEO, SITE_NAME, SITE_URL } from "@/lib/seo";
  5 | import type { Metadata } from "next";

https://nextjs.org/docs/messages/module-not-found @ http://localhost:3000/_next/static/chunks/e00ff_next_dist_401433b6._.js:2405
[  875232ms] [ERROR] ./projects/uvibes-sitevitrine/src/app/solution/page.tsx:5:1
Module not found: Can't resolve '@/components/menu/Menu'
  3 | import Footer from "@/components/footer/Footer";
  4 | import JsonLd from "@/components/JsonLd";
> 5 | import FloatingMenu from "@/components/menu/Menu";
    | ^^^^^^^^^^^^^^^^^^^^^^^^^^^^^^^^^^^^^^^^^^^^^^^^^^
  6 | import { AppointmentSection } from "@/components/section/appointmentSection";
  7 | import SolutionTabs from "@/components/solution/SolutionTabs";
  8 | import { buildMetadata, SITE_URL } from "@/lib/seo";

https://nextjs.org/docs/messages/module-not-found @ http://localhost:3000/_next/static/chunks/e00ff_next_dist_401433b6._.js:2405
[  875233ms] [ERROR] ./projects/uvibes-sitevitrine/src/app/solution/page.tsx:6:1
Module not found: Can't resolve '@/components/section/appointmentSection'
  4 | import JsonLd from "@/components/JsonLd";
  5 | import FloatingMenu from "@/components/menu/Menu";
> 6 | import { AppointmentSection } from "@/components/section/appointmentSection";
    | ^^^^^^^^^^^^^^^^^^^^^^^^^^^^^^^^^^^^^^^^^^^^^^^^^^^^^^^^^^^^^^^^^^^^^^^^^^^^^
  7 | import SolutionTabs from "@/components/solution/SolutionTabs";
  8 | import { buildMetadata, SITE_URL } from "@/lib/seo";
  9 | import type { Metadata } from "next";

https://nextjs.org/docs/messages/module-not-found @ http://localhost:3000/_next/static/chunks/e00ff_next_dist_401433b6._.js:2405
[  875233ms] [ERROR] ./projects/uvibes-sitevitrine/src/app/solution/page.tsx:7:1
Module not found: Can't resolve '@/components/solution/SolutionTabs'
   5 | import FloatingMenu from "@/components/menu/Menu";
   6 | import { AppointmentSection } from "@/components/section/appointmentSection";
>  7 | import SolutionTabs from "@/components/solution/SolutionTabs";
     | ^^^^^^^^^^^^^^^^^^^^^^^^^^^^^^^^^^^^^^^^^^^^^^^^^^^^^^^^^^^^^^
   8 | import { buildMetadata, SITE_URL } from "@/lib/seo";
   9 | import type { Metadata } from "next";
  10 |

https://nextjs.org/docs/messages/module-not-found @ http://localhost:3000/_next/static/chunks/e00ff_next_dist_401433b6._.js:2405
[  875233ms] [ERROR] ./projects/uvibes-sitevitrine/src/app/layout.tsx:3:1
Module not found: Can't resolve '@/lib/maintenanceState'
  1 | import CookieConsent from "@/components/cookieConsent";
  2 | import MaintenanceWrapper from "@/components/maintenance/MaintenanceWrapper";
> 3 | import { getMaintenanceStatus } from "@/lib/maintenanceState";
    | ^^^^^^^^^^^^^^^^^^^^^^^^^^^^^^^^^^^^^^^^^^^^^^^^^^^^^^^^^^^^^^
  4 | import { OG_IMAGE_DEFAULT, PAGE_SEO, SITE_NAME, SITE_URL } from "@/lib/seo";
  5 | import type { Metadata } from "next";
  6 | import { Roboto } from "next/font/google";

https://nextjs.org/docs/messages/module-not-found @ http://localhost:3000/_next/static/chunks/e00ff_next_dist_401433b6._.js:2405
[  875234ms] [ERROR] ./projects/uvibes-sitevitrine/src/app/layout.tsx:4:1
Module not found: Can't resolve '@/lib/seo'
  2 | import MaintenanceWrapper from "@/components/maintenance/MaintenanceWrapper";
  3 | import { getMaintenanceStatus } from "@/lib/maintenanceState";
> 4 | import { OG_IMAGE_DEFAULT, PAGE_SEO, SITE_NAME, SITE_URL } from "@/lib/seo";
    | ^^^^^^^^^^^^^^^^^^^^^^^^^^^^^^^^^^^^^^^^^^^^^^^^^^^^^^^^^^^^^^^^^^^^^^^^^^^^
  5 | import type { Metadata } from "next";
  6 | import { Roboto } from "next/font/google";
  7 | import Script from "next/script";

https://nextjs.org/docs/messages/module-not-found @ http://localhost:3000/_next/static/chunks/e00ff_next_dist_401433b6._.js:2405
[  875234ms] [ERROR] ./projects/uvibes-sitevitrine/src/app/solution/page.tsx:8:1
Module not found: Can't resolve '@/lib/seo'
   6 | import { AppointmentSection } from "@/components/section/appointmentSection";
   7 | import SolutionTabs from "@/components/solution/SolutionTabs";
>  8 | import { buildMetadata, SITE_URL } from "@/lib/seo";
     | ^^^^^^^^^^^^^^^^^^^^^^^^^^^^^^^^^^^^^^^^^^^^^^^^^^^^
   9 | import type { Metadata } from "next";
  10 |
  11 | export const metadata: Metadata = buildMetadata("solution");

https://nextjs.org/docs/messages/module-not-found @ http://localhost:3000/_next/static/chunks/e00ff_next_dist_401433b6._.js:2405
[  875234ms] [ERROR] ./projects/uvibes-sitevitrine/src/app/page.tsx:1:1
Module not found: Can't resolve '@/components/banner/HeroContent'
> 1 | import HeroContent from "@/components/banner/HeroContent";
    | ^^^^^^^^^^^^^^^^^^^^^^^^^^^^^^^^^^^^^^^^^^^^^^^^^^^^^^^^^^
  2 | import Contact from "@/components/contact/contact";
  3 | import Footer from "@/components/footer/Footer";
  4 | import FloatingMenu from "@/components/menu/Menu";

https://nextjs.org/docs/messages/module-not-found @ http://localhost:3000/_next/static/chunks/e00ff_next_dist_401433b6._.js:2405
[  875234ms] [ERROR] ./projects/uvibes-sitevitrine/src/app/page.tsx:7:1
Module not found: Can't resolve '@/components/cards/userNumberCard'
   5 | import FeaturedArticles from "@/components/section/FeaturedArticles";
   6 |
>  7 | import UserNumberCard from "@/components/cards/userNumberCard";
     | ^^^^^^^^^^^^^^^^^^^^^^^^^^^^^^^^^^^^^^^^^^^^^^^^^^^^^^^^^^^^^^^
   8 | import VideoCard from "@/components/cards/videoCard";
   9 | import { PartnerCarousel } from "@/components/carousel/PartnerCarousel";
  10 | import HowItWorks from "@/components/section/HowItWorks";

https://nextjs.org/docs/messages/module-not-found @ http://localhost:3000/_next/static/chunks/e00ff_next_dist_401433b6._.js:2405
[  875234ms] [ERROR] ./projects/uvibes-sitevitrine/src/app/page.tsx:8:1
Module not found: Can't resolve '@/components/cards/videoCard'
   6 |
   7 | import UserNumberCard from "@/components/cards/userNumberCard";
>  8 | import VideoCard from "@/components/cards/videoCard";
     | ^^^^^^^^^^^^^^^^^^^^^^^^^^^^^^^^^^^^^^^^^^^^^^^^^^^^^
   9 | import { PartnerCarousel } from "@/components/carousel/PartnerCarousel";
  10 | import HowItWorks from "@/components/section/HowItWorks";
  11 | import AvantagesHome from "@/components/section/AvantagesHome";

https://nextjs.org/docs/messages/module-not-found @ http://localhost:3000/_next/static/chunks/e00ff_next_dist_401433b6._.js:2405
[  875234ms] [ERROR] ./projects/uvibes-sitevitrine/src/app/page.tsx:9:1
Module not found: Can't resolve '@/components/carousel/PartnerCarousel'
   7 | import UserNumberCard from "@/components/cards/userNumberCard";
   8 | import VideoCard from "@/components/cards/videoCard";
>  9 | import { PartnerCarousel } from "@/components/carousel/PartnerCarousel";
     | ^^^^^^^^^^^^^^^^^^^^^^^^^^^^^^^^^^^^^^^^^^^^^^^^^^^^^^^^^^^^^^^^^^^^^^^^
  10 | import HowItWorks from "@/components/section/HowItWorks";
  11 | import AvantagesHome from "@/components/section/AvantagesHome";
  12 | import WhyUvibes from "@/components/section/WhyUvibes";

https://nextjs.org/docs/messages/module-not-found @ http://localhost:3000/_next/static/chunks/e00ff_next_dist_401433b6._.js:2405
[  875234ms] [ERROR] ./projects/uvibes-sitevitrine/src/app/page.tsx:2:1
Module not found: Can't resolve '@/components/contact/contact'
  1 | import HeroContent from "@/components/banner/HeroContent";
> 2 | import Contact from "@/components/contact/contact";
    | ^^^^^^^^^^^^^^^^^^^^^^^^^^^^^^^^^^^^^^^^^^^^^^^^^^^
  3 | import Footer from "@/components/footer/Footer";
  4 | import FloatingMenu from "@/components/menu/Menu";
  5 | import FeaturedArticles from "@/components/section/FeaturedArticles";

https://nextjs.org/docs/messages/module-not-found @ http://localhost:3000/_next/static/chunks/e00ff_next_dist_401433b6._.js:2405
[  875234ms] [ERROR] ./projects/uvibes-sitevitrine/src/app/page.tsx:3:1
Module not found: Can't resolve '@/components/footer/Footer'
  1 | import HeroContent from "@/components/banner/HeroContent";
  2 | import Contact from "@/components/contact/contact";
> 3 | import Footer from "@/components/footer/Footer";
    | ^^^^^^^^^^^^^^^^^^^^^^^^^^^^^^^^^^^^^^^^^^^^^^^^
  4 | import FloatingMenu from "@/components/menu/Menu";
  5 | import FeaturedArticles from "@/components/section/FeaturedArticles";
  6 |

https://nextjs.org/docs/messages/module-not-found @ http://localhost:3000/_next/static/chunks/e00ff_next_dist_401433b6._.js:2405
[  875234ms] [ERROR] ./projects/uvibes-sitevitrine/src/app/page.tsx:4:1
Module not found: Can't resolve '@/components/menu/Menu'
  2 | import Contact from "@/components/contact/contact";
  3 | import Footer from "@/components/footer/Footer";
> 4 | import FloatingMenu from "@/components/menu/Menu";
    | ^^^^^^^^^^^^^^^^^^^^^^^^^^^^^^^^^^^^^^^^^^^^^^^^^^
  5 | import FeaturedArticles from "@/components/section/FeaturedArticles";
  6 |
  7 | import UserNumberCard from "@/components/cards/userNumberCard";

https://nextjs.org/docs/messages/module-not-found @ http://localhost:3000/_next/static/chunks/e00ff_next_dist_401433b6._.js:2405
[  875234ms] [ERROR] ./projects/uvibes-sitevitrine/src/app/page.tsx:11:1
Module not found: Can't resolve '@/components/section/AvantagesHome'
   9 | import { PartnerCarousel } from "@/components/carousel/PartnerCarousel";
  10 | import HowItWorks from "@/components/section/HowItWorks";
> 11 | import AvantagesHome from "@/components/section/AvantagesHome";
     | ^^^^^^^^^^^^^^^^^^^^^^^^^^^^^^^^^^^^^^^^^^^^^^^^^^^^^^^^^^^^^^^
  12 | import WhyUvibes from "@/components/section/WhyUvibes";
  13 | import Testimony from "@/components/testimony/testimony";
  14 | import { BenefitsHomeSection } from "../components/section/BenefitsHomeSection";

https://nextjs.org/docs/messages/module-not-found @ http://localhost:3000/_next/static/chunks/e00ff_next_dist_401433b6._.js:2405
[  875234ms] [ERROR] ./projects/uvibes-sitevitrine/src/app/page.tsx:5:1
Module not found: Can't resolve '@/components/section/FeaturedArticles'
  3 | import Footer from "@/components/footer/Footer";
  4 | import FloatingMenu from "@/components/menu/Menu";
> 5 | import FeaturedArticles from "@/components/section/FeaturedArticles";
    | ^^^^^^^^^^^^^^^^^^^^^^^^^^^^^^^^^^^^^^^^^^^^^^^^^^^^^^^^^^^^^^^^^^^^^
  6 |
  7 | import UserNumberCard from "@/components/cards/userNumberCard";
  8 | import VideoCard from "@/components/cards/videoCard";

https://nextjs.org/docs/messages/module-not-found @ http://localhost:3000/_next/static/chunks/e00ff_next_dist_401433b6._.js:2405
[  875235ms] [ERROR] ./projects/uvibes-sitevitrine/src/app/page.tsx:10:1
Module not found: Can't resolve '@/components/section/HowItWorks'
   8 | import VideoCard from "@/components/cards/videoCard";
   9 | import { PartnerCarousel } from "@/components/carousel/PartnerCarousel";
> 10 | import HowItWorks from "@/components/section/HowItWorks";
     | ^^^^^^^^^^^^^^^^^^^^^^^^^^^^^^^^^^^^^^^^^^^^^^^^^^^^^^^^^
  11 | import AvantagesHome from "@/components/section/AvantagesHome";
  12 | import WhyUvibes from "@/components/section/WhyUvibes";
  13 | import Testimony from "@/components/testimony/testimony";

https://nextjs.org/docs/messages/module-not-found @ http://localhost:3000/_next/static/chunks/e00ff_next_dist_401433b6._.js:2405
[  875235ms] [ERROR] ./projects/uvibes-sitevitrine/src/app/page.tsx:12:1
Module not found: Can't resolve '@/components/section/WhyUvibes'
  10 | import HowItWorks from "@/components/section/HowItWorks";
  11 | import AvantagesHome from "@/components/section/AvantagesHome";
> 12 | import WhyUvibes from "@/components/section/WhyUvibes";
     | ^^^^^^^^^^^^^^^^^^^^^^^^^^^^^^^^^^^^^^^^^^^^^^^^^^^^^^^
  13 | import Testimony from "@/components/testimony/testimony";
  14 | import { BenefitsHomeSection } from "../components/section/BenefitsHomeSection";
  15 | const mockupHome = "/images/mochupHome.png";

https://nextjs.org/docs/messages/module-not-found @ http://localhost:3000/_next/static/chunks/e00ff_next_dist_401433b6._.js:2405
[  875235ms] [ERROR] ./projects/uvibes-sitevitrine/src/app/page.tsx:13:1
Module not found: Can't resolve '@/components/testimony/testimony'
  11 | import AvantagesHome from "@/components/section/AvantagesHome";
  12 | import WhyUvibes from "@/components/section/WhyUvibes";
> 13 | import Testimony from "@/components/testimony/testimony";
     | ^^^^^^^^^^^^^^^^^^^^^^^^^^^^^^^^^^^^^^^^^^^^^^^^^^^^^^^^^
  14 | import { BenefitsHomeSection } from "../components/section/BenefitsHomeSection";
  15 | const mockupHome = "/images/mochupHome.png";
  16 |

https://nextjs.org/docs/messages/module-not-found @ http://localhost:3000/_next/static/chunks/e00ff_next_dist_401433b6._.js:2405
[  875235ms] [ERROR] ./projects/uvibes-sitevitrine/src/app/page.tsx:17:1
Module not found: Can't resolve '@/services/home/fetchHomeContent'
  15 | const mockupHome = "/images/mochupHome.png";
  16 |
> 17 | import { fetchHomeContent } from "@/services/home/fetchHomeContent";
     | ^^^^^^^^^^^^^^^^^^^^^^^^^^^^^^^^^^^^^^^^^^^^^^^^^^^^^^^^^^^^^^^^^^^^
  18 |
  19 | // Server Component — le fetch WordPress se fait côté serveur, le HTML est pré-rempli pour le SEO
  20 | export default async function Home() {

https://nextjs.org/docs/messages/module-not-found @ http://localhost:3000/_next/static/chunks/e00ff_next_dist_401433b6._.js:2405
[  875235ms] [ERROR] ./projects/uvibes-sitevitrine/src/app/uvibes/page.tsx:3:1
Module not found: Can't resolve '@/components/JsonLd'
  1 | import { HeroBanner } from "@/components/banner/heroBanner";
  2 | import Footer from "@/components/footer/Footer";
> 3 | import JsonLd from "@/components/JsonLd";
    | ^^^^^^^^^^^^^^^^^^^^^^^^^^^^^^^^^^^^^^^^^
  4 | import FloatingMenu from "@/components/menu/Menu";
  5 | import { AppointmentSection } from "@/components/section/appointmentSection";
  6 | import TeamSection from "@/components/section/TeamSection";

https://nextjs.org/docs/messages/module-not-found @ http://localhost:3000/_next/static/chunks/e00ff_next_dist_401433b6._.js:2405
[  875235ms] [ERROR] ./projects/uvibes-sitevitrine/src/app/uvibes/page.tsx:1:1
Module not found: Can't resolve '@/components/banner/heroBanner'
> 1 | import { HeroBanner } from "@/components/banner/heroBanner";
    | ^^^^^^^^^^^^^^^^^^^^^^^^^^^^^^^^^^^^^^^^^^^^^^^^^^^^^^^^^^^^
  2 | import Footer from "@/components/footer/Footer";
  3 | import JsonLd from "@/components/JsonLd";
  4 | import FloatingMenu from "@/components/menu/Menu";

https://nextjs.org/docs/messages/module-not-found @ http://localhost:3000/_next/static/chunks/e00ff_next_dist_401433b6._.js:2405
[  875235ms] [ERROR] ./projects/uvibes-sitevitrine/src/app/uvibes/page.tsx:2:1
Module not found: Can't resolve '@/components/footer/Footer'
  1 | import { HeroBanner } from "@/components/banner/heroBanner";
> 2 | import Footer from "@/components/footer/Footer";
    | ^^^^^^^^^^^^^^^^^^^^^^^^^^^^^^^^^^^^^^^^^^^^^^^^
  3 | import JsonLd from "@/components/JsonLd";
  4 | import FloatingMenu from "@/components/menu/Menu";
  5 | import { AppointmentSection } from "@/components/section/appointmentSection";

https://nextjs.org/docs/messages/module-not-found @ http://localhost:3000/_next/static/chunks/e00ff_next_dist_401433b6._.js:2405
[  875235ms] [ERROR] ./projects/uvibes-sitevitrine/src/app/uvibes/page.tsx:4:1
Module not found: Can't resolve '@/components/menu/Menu'
  2 | import Footer from "@/components/footer/Footer";
  3 | import JsonLd from "@/components/JsonLd";
> 4 | import FloatingMenu from "@/components/menu/Menu";
    | ^^^^^^^^^^^^^^^^^^^^^^^^^^^^^^^^^^^^^^^^^^^^^^^^^^
  5 | import { AppointmentSection } from "@/components/section/appointmentSection";
  6 | import TeamSection from "@/components/section/TeamSection";
  7 | import HelloAssoDon from "@/components/uvibes/HelloAssoDon";

https://nextjs.org/docs/messages/module-not-found @ http://localhost:3000/_next/static/chunks/e00ff_next_dist_401433b6._.js:2405
[  875236ms] [ERROR] ./projects/uvibes-sitevitrine/src/app/uvibes/page.tsx:6:1
Module not found: Can't resolve '@/components/section/TeamSection'
  4 | import FloatingMenu from "@/components/menu/Menu";
  5 | import { AppointmentSection } from "@/components/section/appointmentSection";
> 6 | import TeamSection from "@/components/section/TeamSection";
    | ^^^^^^^^^^^^^^^^^^^^^^^^^^^^^^^^^^^^^^^^^^^^^^^^^^^^^^^^^^^
  7 | import HelloAssoDon from "@/components/uvibes/HelloAssoDon";
  8 | import { buildMetadata, SITE_URL } from "@/lib/seo";
  9 | import { DotIcon } from "lucide-react";

https://nextjs.org/docs/messages/module-not-found @ http://localhost:3000/_next/static/chunks/e00ff_next_dist_401433b6._.js:2405
[  875236ms] [ERROR] ./projects/uvibes-sitevitrine/src/app/uvibes/page.tsx:5:1
Module not found: Can't resolve '@/components/section/appointmentSection'
  3 | import JsonLd from "@/components/JsonLd";
  4 | import FloatingMenu from "@/components/menu/Menu";
> 5 | import { AppointmentSection } from "@/components/section/appointmentSection";
    | ^^^^^^^^^^^^^^^^^^^^^^^^^^^^^^^^^^^^^^^^^^^^^^^^^^^^^^^^^^^^^^^^^^^^^^^^^^^^^
  6 | import TeamSection from "@/components/section/TeamSection";
  7 | import HelloAssoDon from "@/components/uvibes/HelloAssoDon";
  8 | import { buildMetadata, SITE_URL } from "@/lib/seo";

https://nextjs.org/docs/messages/module-not-found @ http://localhost:3000/_next/static/chunks/e00ff_next_dist_401433b6._.js:2405
[  875236ms] [ERROR] ./projects/uvibes-sitevitrine/src/app/uvibes/page.tsx:7:1
Module not found: Can't resolve '@/components/uvibes/HelloAssoDon'
   5 | import { AppointmentSection } from "@/components/section/appointmentSection";
   6 | import TeamSection from "@/components/section/TeamSection";
>  7 | import HelloAssoDon from "@/components/uvibes/HelloAssoDon";
     | ^^^^^^^^^^^^^^^^^^^^^^^^^^^^^^^^^^^^^^^^^^^^^^^^^^^^^^^^^^^^
   8 | import { buildMetadata, SITE_URL } from "@/lib/seo";
   9 | import { DotIcon } from "lucide-react";
  10 | import type { Metadata } from "next";

https://nextjs.org/docs/messages/module-not-found @ http://localhost:3000/_next/static/chunks/e00ff_next_dist_401433b6._.js:2405
[  875236ms] [ERROR] ./projects/uvibes-sitevitrine/src/app/uvibes/page.tsx:8:1
Module not found: Can't resolve '@/lib/seo'
   6 | import TeamSection from "@/components/section/TeamSection";
   7 | import HelloAssoDon from "@/components/uvibes/HelloAssoDon";
>  8 | import { buildMetadata, SITE_URL } from "@/lib/seo";
     | ^^^^^^^^^^^^^^^^^^^^^^^^^^^^^^^^^^^^^^^^^^^^^^^^^^^^
   9 | import { DotIcon } from "lucide-react";
  10 | import type { Metadata } from "next";
  11 | import Image from "next/image";

https://nextjs.org/docs/messages/module-not-found @ http://localhost:3000/_next/static/chunks/e00ff_next_dist_401433b6._.js:2405
[  875236ms] [ERROR] ./projects/uvibes-sitevitrine/src/app/blog/page.tsx:4:1
Module not found: Can't resolve '@/components/JsonLd'
  2 | import AllArticle from "@/components/blog/allArticle";
  3 | import Footer from "@/components/footer/Footer";
> 4 | import JsonLd from "@/components/JsonLd";
    | ^^^^^^^^^^^^^^^^^^^^^^^^^^^^^^^^^^^^^^^^^
  5 | import FloatingMenu from "@/components/menu/Menu";
  6 | import { buildMetadata, SITE_URL } from "@/lib/seo";
  7 | import type { Metadata } from "next";

https://nextjs.org/docs/messages/module-not-found @ http://localhost:3000/_next/static/chunks/e00ff_next_dist_401433b6._.js:2405
[  875236ms] [ERROR] ./projects/uvibes-sitevitrine/src/app/blog/page.tsx:1:1
Module not found: Can't resolve '@/components/banner/heroBanner'
> 1 | import { HeroBanner } from "@/components/banner/heroBanner";
    | ^^^^^^^^^^^^^^^^^^^^^^^^^^^^^^^^^^^^^^^^^^^^^^^^^^^^^^^^^^^^
  2 | import AllArticle from "@/components/blog/allArticle";
  3 | import Footer from "@/components/footer/Footer";
  4 | import JsonLd from "@/components/JsonLd";

https://nextjs.org/docs/messages/module-not-found @ http://localhost:3000/_next/static/chunks/e00ff_next_dist_401433b6._.js:2405
[  875236ms] [ERROR] ./projects/uvibes-sitevitrine/src/app/blog/page.tsx:2:1
Module not found: Can't resolve '@/components/blog/allArticle'
  1 | import { HeroBanner } from "@/components/banner/heroBanner";
> 2 | import AllArticle from "@/components/blog/allArticle";
    | ^^^^^^^^^^^^^^^^^^^^^^^^^^^^^^^^^^^^^^^^^^^^^^^^^^^^^^
  3 | import Footer from "@/components/footer/Footer";
  4 | import JsonLd from "@/components/JsonLd";
  5 | import FloatingMenu from "@/components/menu/Menu";

https://nextjs.org/docs/messages/module-not-found @ http://localhost:3000/_next/static/chunks/e00ff_next_dist_401433b6._.js:2405
[  875236ms] [ERROR] ./projects/uvibes-sitevitrine/src/app/blog/page.tsx:3:1
Module not found: Can't resolve '@/components/footer/Footer'
  1 | import { HeroBanner } from "@/components/banner/heroBanner";
  2 | import AllArticle from "@/components/blog/allArticle";
> 3 | import Footer from "@/components/footer/Footer";
    | ^^^^^^^^^^^^^^^^^^^^^^^^^^^^^^^^^^^^^^^^^^^^^^^^
  4 | import JsonLd from "@/components/JsonLd";
  5 | import FloatingMenu from "@/components/menu/Menu";
  6 | import { buildMetadata, SITE_URL } from "@/lib/seo";

https://nextjs.org/docs/messages/module-not-found @ http://localhost:3000/_next/static/chunks/e00ff_next_dist_401433b6._.js:2405
[  875236ms] [ERROR] ./projects/uvibes-sitevitrine/src/app/blog/page.tsx:5:1
Module not found: Can't resolve '@/components/menu/Menu'
  3 | import Footer from "@/components/footer/Footer";
  4 | import JsonLd from "@/components/JsonLd";
> 5 | import FloatingMenu from "@/components/menu/Menu";
    | ^^^^^^^^^^^^^^^^^^^^^^^^^^^^^^^^^^^^^^^^^^^^^^^^^^
  6 | import { buildMetadata, SITE_URL } from "@/lib/seo";
  7 | import type { Metadata } from "next";
  8 |

https://nextjs.org/docs/messages/module-not-found @ http://localhost:3000/_next/static/chunks/e00ff_next_dist_401433b6._.js:2405
[  875237ms] [ERROR] ./projects/uvibes-sitevitrine/src/app/blog/page.tsx:6:1
Module not found: Can't resolve '@/lib/seo'
  4 | import JsonLd from "@/components/JsonLd";
  5 | import FloatingMenu from "@/components/menu/Menu";
> 6 | import { buildMetadata, SITE_URL } from "@/lib/seo";
    | ^^^^^^^^^^^^^^^^^^^^^^^^^^^^^^^^^^^^^^^^^^^^^^^^^^^^
  7 | import type { Metadata } from "next";
  8 |
  9 | export const metadata: Metadata = buildMetadata("blog");

https://nextjs.org/docs/messages/module-not-found @ http://localhost:3000/_next/static/chunks/e00ff_next_dist_401433b6._.js:2405
[  875244ms] [LOG] [Fast Refresh] rebuilding @ http://localhost:3000/_next/static/chunks/e00ff_next_dist_client_2572762d._.js:5956
[  897018ms] [ERROR] ./projects/uvibes-sitevitrine/src/app/solution/page.tsx:4:1
Module not found: Can't resolve '@/components/JsonLd'
  2 | import { PartnerBanner } from "@/components/banner/partnerBanner";
  3 | import Footer from "@/components/footer/Footer";
> 4 | import JsonLd from "@/components/JsonLd";
    | ^^^^^^^^^^^^^^^^^^^^^^^^^^^^^^^^^^^^^^^^^
  5 | import FloatingMenu from "@/components/menu/Menu";
  6 | import { AppointmentSection } from "@/components/section/appointmentSection";
  7 | import SolutionTabs from "@/components/solution/SolutionTabs";

https://nextjs.org/docs/messages/module-not-found @ http://localhost:3000/_next/static/chunks/e00ff_next_dist_401433b6._.js:2405
[  897021ms] [ERROR] ./projects/uvibes-sitevitrine/src/app/solution/page.tsx:1:1
Module not found: Can't resolve '@/components/banner/heroBanner'
> 1 | import { HeroBanner } from "@/components/banner/heroBanner";
    | ^^^^^^^^^^^^^^^^^^^^^^^^^^^^^^^^^^^^^^^^^^^^^^^^^^^^^^^^^^^^
  2 | import { PartnerBanner } from "@/components/banner/partnerBanner";
  3 | import Footer from "@/components/footer/Footer";
  4 | import JsonLd from "@/components/JsonLd";

https://nextjs.org/docs/messages/module-not-found @ http://localhost:3000/_next/static/chunks/e00ff_next_dist_401433b6._.js:2405
[  897022ms] [ERROR] ./projects/uvibes-sitevitrine/src/app/solution/page.tsx:2:1
Module not found: Can't resolve '@/components/banner/partnerBanner'
  1 | import { HeroBanner } from "@/components/banner/heroBanner";
> 2 | import { PartnerBanner } from "@/components/banner/partnerBanner";
    | ^^^^^^^^^^^^^^^^^^^^^^^^^^^^^^^^^^^^^^^^^^^^^^^^^^^^^^^^^^^^^^^^^^
  3 | import Footer from "@/components/footer/Footer";
  4 | import JsonLd from "@/components/JsonLd";
  5 | import FloatingMenu from "@/components/menu/Menu";

https://nextjs.org/docs/messages/module-not-found @ http://localhost:3000/_next/static/chunks/e00ff_next_dist_401433b6._.js:2405
[  897022ms] [ERROR] ./projects/uvibes-sitevitrine/src/app/layout.tsx:1:1
Module not found: Can't resolve '@/components/cookieConsent'
> 1 | import CookieConsent from "@/components/cookieConsent";
    | ^^^^^^^^^^^^^^^^^^^^^^^^^^^^^^^^^^^^^^^^^^^^^^^^^^^^^^^
  2 | import MaintenanceWrapper from "@/components/maintenance/MaintenanceWrapper";
  3 | import { getMaintenanceStatus } from "@/lib/maintenanceState";
  4 | import { OG_IMAGE_DEFAULT, PAGE_SEO, SITE_NAME, SITE_URL } from "@/lib/seo";

https://nextjs.org/docs/messages/module-not-found @ http://localhost:3000/_next/static/chunks/e00ff_next_dist_401433b6._.js:2405
[  897022ms] [ERROR] ./projects/uvibes-sitevitrine/src/app/solution/page.tsx:3:1
Module not found: Can't resolve '@/components/footer/Footer'
  1 | import { HeroBanner } from "@/components/banner/heroBanner";
  2 | import { PartnerBanner } from "@/components/banner/partnerBanner";
> 3 | import Footer from "@/components/footer/Footer";
    | ^^^^^^^^^^^^^^^^^^^^^^^^^^^^^^^^^^^^^^^^^^^^^^^^
  4 | import JsonLd from "@/components/JsonLd";
  5 | import FloatingMenu from "@/components/menu/Menu";
  6 | import { AppointmentSection } from "@/components/section/appointmentSection";

https://nextjs.org/docs/messages/module-not-found @ http://localhost:3000/_next/static/chunks/e00ff_next_dist_401433b6._.js:2405
[  897022ms] [ERROR] ./projects/uvibes-sitevitrine/src/app/layout.tsx:2:1
Module not found: Can't resolve '@/components/maintenance/MaintenanceWrapper'
  1 | import CookieConsent from "@/components/cookieConsent";
> 2 | import MaintenanceWrapper from "@/components/maintenance/MaintenanceWrapper";
    | ^^^^^^^^^^^^^^^^^^^^^^^^^^^^^^^^^^^^^^^^^^^^^^^^^^^^^^^^^^^^^^^^^^^^^^^^^^^^^
  3 | import { getMaintenanceStatus } from "@/lib/maintenanceState";
  4 | import { OG_IMAGE_DEFAULT, PAGE_SEO, SITE_NAME, SITE_URL } from "@/lib/seo";
  5 | import type { Metadata } from "next";

https://nextjs.org/docs/messages/module-not-found @ http://localhost:3000/_next/static/chunks/e00ff_next_dist_401433b6._.js:2405
[  897022ms] [ERROR] ./projects/uvibes-sitevitrine/src/app/solution/page.tsx:5:1
Module not found: Can't resolve '@/components/menu/Menu'
  3 | import Footer from "@/components/footer/Footer";
  4 | import JsonLd from "@/components/JsonLd";
> 5 | import FloatingMenu from "@/components/menu/Menu";
    | ^^^^^^^^^^^^^^^^^^^^^^^^^^^^^^^^^^^^^^^^^^^^^^^^^^
  6 | import { AppointmentSection } from "@/components/section/appointmentSection";
  7 | import SolutionTabs from "@/components/solution/SolutionTabs";
  8 | import { buildMetadata, SITE_URL } from "@/lib/seo";

https://nextjs.org/docs/messages/module-not-found @ http://localhost:3000/_next/static/chunks/e00ff_next_dist_401433b6._.js:2405
[  897022ms] [ERROR] ./projects/uvibes-sitevitrine/src/app/solution/page.tsx:6:1
Module not found: Can't resolve '@/components/section/appointmentSection'
  4 | import JsonLd from "@/components/JsonLd";
  5 | import FloatingMenu from "@/components/menu/Menu";
> 6 | import { AppointmentSection } from "@/components/section/appointmentSection";
    | ^^^^^^^^^^^^^^^^^^^^^^^^^^^^^^^^^^^^^^^^^^^^^^^^^^^^^^^^^^^^^^^^^^^^^^^^^^^^^
  7 | import SolutionTabs from "@/components/solution/SolutionTabs";
  8 | import { buildMetadata, SITE_URL } from "@/lib/seo";
  9 | import type { Metadata } from "next";

https://nextjs.org/docs/messages/module-not-found @ http://localhost:3000/_next/static/chunks/e00ff_next_dist_401433b6._.js:2405
[  897022ms] [ERROR] ./projects/uvibes-sitevitrine/src/app/solution/page.tsx:7:1
Module not found: Can't resolve '@/components/solution/SolutionTabs'
   5 | import FloatingMenu from "@/components/menu/Menu";
   6 | import { AppointmentSection } from "@/components/section/appointmentSection";
>  7 | import SolutionTabs from "@/components/solution/SolutionTabs";
     | ^^^^^^^^^^^^^^^^^^^^^^^^^^^^^^^^^^^^^^^^^^^^^^^^^^^^^^^^^^^^^^
   8 | import { buildMetadata, SITE_URL } from "@/lib/seo";
   9 | import type { Metadata } from "next";
  10 |

https://nextjs.org/docs/messages/module-not-found @ http://localhost:3000/_next/static/chunks/e00ff_next_dist_401433b6._.js:2405
[  897023ms] [ERROR] ./projects/uvibes-sitevitrine/src/app/layout.tsx:3:1
Module not found: Can't resolve '@/lib/maintenanceState'
  1 | import CookieConsent from "@/components/cookieConsent";
  2 | import MaintenanceWrapper from "@/components/maintenance/MaintenanceWrapper";
> 3 | import { getMaintenanceStatus } from "@/lib/maintenanceState";
    | ^^^^^^^^^^^^^^^^^^^^^^^^^^^^^^^^^^^^^^^^^^^^^^^^^^^^^^^^^^^^^^
  4 | import { OG_IMAGE_DEFAULT, PAGE_SEO, SITE_NAME, SITE_URL } from "@/lib/seo";
  5 | import type { Metadata } from "next";
  6 | import { Roboto } from "next/font/google";

https://nextjs.org/docs/messages/module-not-found @ http://localhost:3000/_next/static/chunks/e00ff_next_dist_401433b6._.js:2405
[  897023ms] [ERROR] ./projects/uvibes-sitevitrine/src/app/layout.tsx:4:1
Module not found: Can't resolve '@/lib/seo'
  2 | import MaintenanceWrapper from "@/components/maintenance/MaintenanceWrapper";
  3 | import { getMaintenanceStatus } from "@/lib/maintenanceState";
> 4 | import { OG_IMAGE_DEFAULT, PAGE_SEO, SITE_NAME, SITE_URL } from "@/lib/seo";
    | ^^^^^^^^^^^^^^^^^^^^^^^^^^^^^^^^^^^^^^^^^^^^^^^^^^^^^^^^^^^^^^^^^^^^^^^^^^^^
  5 | import type { Metadata } from "next";
  6 | import { Roboto } from "next/font/google";
  7 | import Script from "next/script";

https://nextjs.org/docs/messages/module-not-found @ http://localhost:3000/_next/static/chunks/e00ff_next_dist_401433b6._.js:2405
[  897023ms] [ERROR] ./projects/uvibes-sitevitrine/src/app/solution/page.tsx:8:1
Module not found: Can't resolve '@/lib/seo'
   6 | import { AppointmentSection } from "@/components/section/appointmentSection";
   7 | import SolutionTabs from "@/components/solution/SolutionTabs";
>  8 | import { buildMetadata, SITE_URL } from "@/lib/seo";
     | ^^^^^^^^^^^^^^^^^^^^^^^^^^^^^^^^^^^^^^^^^^^^^^^^^^^^
   9 | import type { Metadata } from "next";
  10 |
  11 | export const metadata: Metadata = buildMetadata("solution");

https://nextjs.org/docs/messages/module-not-found @ http://localhost:3000/_next/static/chunks/e00ff_next_dist_401433b6._.js:2405
[  897023ms] [ERROR] ./projects/uvibes-sitevitrine/src/app/page.tsx:1:1
Module not found: Can't resolve '@/components/banner/HeroContent'
> 1 | import HeroContent from "@/components/banner/HeroContent";
    | ^^^^^^^^^^^^^^^^^^^^^^^^^^^^^^^^^^^^^^^^^^^^^^^^^^^^^^^^^^
  2 | import Contact from "@/components/contact/contact";
  3 | import Footer from "@/components/footer/Footer";
  4 | import FloatingMenu from "@/components/menu/Menu";

https://nextjs.org/docs/messages/module-not-found @ http://localhost:3000/_next/static/chunks/e00ff_next_dist_401433b6._.js:2405
[  897023ms] [ERROR] ./projects/uvibes-sitevitrine/src/app/page.tsx:7:1
Module not found: Can't resolve '@/components/cards/userNumberCard'
   5 | import FeaturedArticles from "@/components/section/FeaturedArticles";
   6 |
>  7 | import UserNumberCard from "@/components/cards/userNumberCard";
     | ^^^^^^^^^^^^^^^^^^^^^^^^^^^^^^^^^^^^^^^^^^^^^^^^^^^^^^^^^^^^^^^
   8 | import VideoCard from "@/components/cards/videoCard";
   9 | import { PartnerCarousel } from "@/components/carousel/PartnerCarousel";
  10 | import HowItWorks from "@/components/section/HowItWorks";

https://nextjs.org/docs/messages/module-not-found @ http://localhost:3000/_next/static/chunks/e00ff_next_dist_401433b6._.js:2405
[  897023ms] [ERROR] ./projects/uvibes-sitevitrine/src/app/page.tsx:8:1
Module not found: Can't resolve '@/components/cards/videoCard'
   6 |
   7 | import UserNumberCard from "@/components/cards/userNumberCard";
>  8 | import VideoCard from "@/components/cards/videoCard";
     | ^^^^^^^^^^^^^^^^^^^^^^^^^^^^^^^^^^^^^^^^^^^^^^^^^^^^^
   9 | import { PartnerCarousel } from "@/components/carousel/PartnerCarousel";
  10 | import HowItWorks from "@/components/section/HowItWorks";
  11 | import AvantagesHome from "@/components/section/AvantagesHome";

https://nextjs.org/docs/messages/module-not-found @ http://localhost:3000/_next/static/chunks/e00ff_next_dist_401433b6._.js:2405
[  897023ms] [ERROR] ./projects/uvibes-sitevitrine/src/app/page.tsx:9:1
Module not found: Can't resolve '@/components/carousel/PartnerCarousel'
   7 | import UserNumberCard from "@/components/cards/userNumberCard";
   8 | import VideoCard from "@/components/cards/videoCard";
>  9 | import { PartnerCarousel } from "@/components/carousel/PartnerCarousel";
     | ^^^^^^^^^^^^^^^^^^^^^^^^^^^^^^^^^^^^^^^^^^^^^^^^^^^^^^^^^^^^^^^^^^^^^^^^
  10 | import HowItWorks from "@/components/section/HowItWorks";
  11 | import AvantagesHome from "@/components/section/AvantagesHome";
  12 | import WhyUvibes from "@/components/section/WhyUvibes";

https://nextjs.org/docs/messages/module-not-found @ http://localhost:3000/_next/static/chunks/e00ff_next_dist_401433b6._.js:2405
[  897023ms] [ERROR] ./projects/uvibes-sitevitrine/src/app/page.tsx:2:1
Module not found: Can't resolve '@/components/contact/contact'
  1 | import HeroContent from "@/components/banner/HeroContent";
> 2 | import Contact from "@/components/contact/contact";
    | ^^^^^^^^^^^^^^^^^^^^^^^^^^^^^^^^^^^^^^^^^^^^^^^^^^^
  3 | import Footer from "@/components/footer/Footer";
  4 | import FloatingMenu from "@/components/menu/Menu";
  5 | import FeaturedArticles from "@/components/section/FeaturedArticles";

https://nextjs.org/docs/messages/module-not-found @ http://localhost:3000/_next/static/chunks/e00ff_next_dist_401433b6._.js:2405
[  897023ms] [ERROR] ./projects/uvibes-sitevitrine/src/app/page.tsx:3:1
Module not found: Can't resolve '@/components/footer/Footer'
  1 | import HeroContent from "@/components/banner/HeroContent";
  2 | import Contact from "@/components/contact/contact";
> 3 | import Footer from "@/components/footer/Footer";
    | ^^^^^^^^^^^^^^^^^^^^^^^^^^^^^^^^^^^^^^^^^^^^^^^^
  4 | import FloatingMenu from "@/components/menu/Menu";
  5 | import FeaturedArticles from "@/components/section/FeaturedArticles";
  6 |

https://nextjs.org/docs/messages/module-not-found @ http://localhost:3000/_next/static/chunks/e00ff_next_dist_401433b6._.js:2405
[  897023ms] [ERROR] ./projects/uvibes-sitevitrine/src/app/page.tsx:4:1
Module not found: Can't resolve '@/components/menu/Menu'
  2 | import Contact from "@/components/contact/contact";
  3 | import Footer from "@/components/footer/Footer";
> 4 | import FloatingMenu from "@/components/menu/Menu";
    | ^^^^^^^^^^^^^^^^^^^^^^^^^^^^^^^^^^^^^^^^^^^^^^^^^^
  5 | import FeaturedArticles from "@/components/section/FeaturedArticles";
  6 |
  7 | import UserNumberCard from "@/components/cards/userNumberCard";

https://nextjs.org/docs/messages/module-not-found @ http://localhost:3000/_next/static/chunks/e00ff_next_dist_401433b6._.js:2405
[  897024ms] [ERROR] ./projects/uvibes-sitevitrine/src/app/page.tsx:11:1
Module not found: Can't resolve '@/components/section/AvantagesHome'
   9 | import { PartnerCarousel } from "@/components/carousel/PartnerCarousel";
  10 | import HowItWorks from "@/components/section/HowItWorks";
> 11 | import AvantagesHome from "@/components/section/AvantagesHome";
     | ^^^^^^^^^^^^^^^^^^^^^^^^^^^^^^^^^^^^^^^^^^^^^^^^^^^^^^^^^^^^^^^
  12 | import WhyUvibes from "@/components/section/WhyUvibes";
  13 | import Testimony from "@/components/testimony/testimony";
  14 | import { BenefitsHomeSection } from "../components/section/BenefitsHomeSection";

https://nextjs.org/docs/messages/module-not-found @ http://localhost:3000/_next/static/chunks/e00ff_next_dist_401433b6._.js:2405
[  897024ms] [ERROR] ./projects/uvibes-sitevitrine/src/app/page.tsx:5:1
Module not found: Can't resolve '@/components/section/FeaturedArticles'
  3 | import Footer from "@/components/footer/Footer";
  4 | import FloatingMenu from "@/components/menu/Menu";
> 5 | import FeaturedArticles from "@/components/section/FeaturedArticles";
    | ^^^^^^^^^^^^^^^^^^^^^^^^^^^^^^^^^^^^^^^^^^^^^^^^^^^^^^^^^^^^^^^^^^^^^
  6 |
  7 | import UserNumberCard from "@/components/cards/userNumberCard";
  8 | import VideoCard from "@/components/cards/videoCard";

https://nextjs.org/docs/messages/module-not-found @ http://localhost:3000/_next/static/chunks/e00ff_next_dist_401433b6._.js:2405
[  897024ms] [ERROR] ./projects/uvibes-sitevitrine/src/app/page.tsx:10:1
Module not found: Can't resolve '@/components/section/HowItWorks'
   8 | import VideoCard from "@/components/cards/videoCard";
   9 | import { PartnerCarousel } from "@/components/carousel/PartnerCarousel";
> 10 | import HowItWorks from "@/components/section/HowItWorks";
     | ^^^^^^^^^^^^^^^^^^^^^^^^^^^^^^^^^^^^^^^^^^^^^^^^^^^^^^^^^
  11 | import AvantagesHome from "@/components/section/AvantagesHome";
  12 | import WhyUvibes from "@/components/section/WhyUvibes";
  13 | import Testimony from "@/components/testimony/testimony";

https://nextjs.org/docs/messages/module-not-found @ http://localhost:3000/_next/static/chunks/e00ff_next_dist_401433b6._.js:2405
[  897024ms] [ERROR] ./projects/uvibes-sitevitrine/src/app/page.tsx:12:1
Module not found: Can't resolve '@/components/section/WhyUvibes'
  10 | import HowItWorks from "@/components/section/HowItWorks";
  11 | import AvantagesHome from "@/components/section/AvantagesHome";
> 12 | import WhyUvibes from "@/components/section/WhyUvibes";
     | ^^^^^^^^^^^^^^^^^^^^^^^^^^^^^^^^^^^^^^^^^^^^^^^^^^^^^^^
  13 | import Testimony from "@/components/testimony/testimony";
  14 | import { BenefitsHomeSection } from "../components/section/BenefitsHomeSection";
  15 | const mockupHome = "/images/mochupHome.png";

https://nextjs.org/docs/messages/module-not-found @ http://localhost:3000/_next/static/chunks/e00ff_next_dist_401433b6._.js:2405
[  897024ms] [ERROR] ./projects/uvibes-sitevitrine/src/app/page.tsx:13:1
Module not found: Can't resolve '@/components/testimony/testimony'
  11 | import AvantagesHome from "@/components/section/AvantagesHome";
  12 | import WhyUvibes from "@/components/section/WhyUvibes";
> 13 | import Testimony from "@/components/testimony/testimony";
     | ^^^^^^^^^^^^^^^^^^^^^^^^^^^^^^^^^^^^^^^^^^^^^^^^^^^^^^^^^
  14 | import { BenefitsHomeSection } from "../components/section/BenefitsHomeSection";
  15 | const mockupHome = "/images/mochupHome.png";
  16 |

https://nextjs.org/docs/messages/module-not-found @ http://localhost:3000/_next/static/chunks/e00ff_next_dist_401433b6._.js:2405
[  897024ms] [ERROR] ./projects/uvibes-sitevitrine/src/app/page.tsx:17:1
Module not found: Can't resolve '@/services/home/fetchHomeContent'
  15 | const mockupHome = "/images/mochupHome.png";
  16 |
> 17 | import { fetchHomeContent } from "@/services/home/fetchHomeContent";
     | ^^^^^^^^^^^^^^^^^^^^^^^^^^^^^^^^^^^^^^^^^^^^^^^^^^^^^^^^^^^^^^^^^^^^
  18 |
  19 | // Server Component — le fetch WordPress se fait côté serveur, le HTML est pré-rempli pour le SEO
  20 | export default async function Home() {

https://nextjs.org/docs/messages/module-not-found @ http://localhost:3000/_next/static/chunks/e00ff_next_dist_401433b6._.js:2405
[  897025ms] [ERROR] ./projects/uvibes-sitevitrine/src/app/uvibes/page.tsx:3:1
Module not found: Can't resolve '@/components/JsonLd'
  1 | import { HeroBanner } from "@/components/banner/heroBanner";
  2 | import Footer from "@/components/footer/Footer";
> 3 | import JsonLd from "@/components/JsonLd";
    | ^^^^^^^^^^^^^^^^^^^^^^^^^^^^^^^^^^^^^^^^^
  4 | import FloatingMenu from "@/components/menu/Menu";
  5 | import { AppointmentSection } from "@/components/section/appointmentSection";
  6 | import TeamSection from "@/components/section/TeamSection";

https://nextjs.org/docs/messages/module-not-found @ http://localhost:3000/_next/static/chunks/e00ff_next_dist_401433b6._.js:2405
[  897025ms] [ERROR] ./projects/uvibes-sitevitrine/src/app/uvibes/page.tsx:1:1
Module not found: Can't resolve '@/components/banner/heroBanner'
> 1 | import { HeroBanner } from "@/components/banner/heroBanner";
    | ^^^^^^^^^^^^^^^^^^^^^^^^^^^^^^^^^^^^^^^^^^^^^^^^^^^^^^^^^^^^
  2 | import Footer from "@/components/footer/Footer";
  3 | import JsonLd from "@/components/JsonLd";
  4 | import FloatingMenu from "@/components/menu/Menu";

https://nextjs.org/docs/messages/module-not-found @ http://localhost:3000/_next/static/chunks/e00ff_next_dist_401433b6._.js:2405
[  897025ms] [ERROR] ./projects/uvibes-sitevitrine/src/app/uvibes/page.tsx:2:1
Module not found: Can't resolve '@/components/footer/Footer'
  1 | import { HeroBanner } from "@/components/banner/heroBanner";
> 2 | import Footer from "@/components/footer/Footer";
    | ^^^^^^^^^^^^^^^^^^^^^^^^^^^^^^^^^^^^^^^^^^^^^^^^
  3 | import JsonLd from "@/components/JsonLd";
  4 | import FloatingMenu from "@/components/menu/Menu";
  5 | import { AppointmentSection } from "@/components/section/appointmentSection";

https://nextjs.org/docs/messages/module-not-found @ http://localhost:3000/_next/static/chunks/e00ff_next_dist_401433b6._.js:2405
[  897025ms] [ERROR] ./projects/uvibes-sitevitrine/src/app/uvibes/page.tsx:4:1
Module not found: Can't resolve '@/components/menu/Menu'
  2 | import Footer from "@/components/footer/Footer";
  3 | import JsonLd from "@/components/JsonLd";
> 4 | import FloatingMenu from "@/components/menu/Menu";
    | ^^^^^^^^^^^^^^^^^^^^^^^^^^^^^^^^^^^^^^^^^^^^^^^^^^
  5 | import { AppointmentSection } from "@/components/section/appointmentSection";
  6 | import TeamSection from "@/components/section/TeamSection";
  7 | import HelloAssoDon from "@/components/uvibes/HelloAssoDon";

https://nextjs.org/docs/messages/module-not-found @ http://localhost:3000/_next/static/chunks/e00ff_next_dist_401433b6._.js:2405
[  897025ms] [ERROR] ./projects/uvibes-sitevitrine/src/app/uvibes/page.tsx:6:1
Module not found: Can't resolve '@/components/section/TeamSection'
  4 | import FloatingMenu from "@/components/menu/Menu";
  5 | import { AppointmentSection } from "@/components/section/appointmentSection";
> 6 | import TeamSection from "@/components/section/TeamSection";
    | ^^^^^^^^^^^^^^^^^^^^^^^^^^^^^^^^^^^^^^^^^^^^^^^^^^^^^^^^^^^
  7 | import HelloAssoDon from "@/components/uvibes/HelloAssoDon";
  8 | import { buildMetadata, SITE_URL } from "@/lib/seo";
  9 | import { DotIcon } from "lucide-react";

https://nextjs.org/docs/messages/module-not-found @ http://localhost:3000/_next/static/chunks/e00ff_next_dist_401433b6._.js:2405
[  897025ms] [ERROR] ./projects/uvibes-sitevitrine/src/app/uvibes/page.tsx:5:1
Module not found: Can't resolve '@/components/section/appointmentSection'
  3 | import JsonLd from "@/components/JsonLd";
  4 | import FloatingMenu from "@/components/menu/Menu";
> 5 | import { AppointmentSection } from "@/components/section/appointmentSection";
    | ^^^^^^^^^^^^^^^^^^^^^^^^^^^^^^^^^^^^^^^^^^^^^^^^^^^^^^^^^^^^^^^^^^^^^^^^^^^^^
  6 | import TeamSection from "@/components/section/TeamSection";
  7 | import HelloAssoDon from "@/components/uvibes/HelloAssoDon";
  8 | import { buildMetadata, SITE_URL } from "@/lib/seo";

https://nextjs.org/docs/messages/module-not-found @ http://localhost:3000/_next/static/chunks/e00ff_next_dist_401433b6._.js:2405
[  897025ms] [ERROR] ./projects/uvibes-sitevitrine/src/app/uvibes/page.tsx:7:1
Module not found: Can't resolve '@/components/uvibes/HelloAssoDon'
   5 | import { AppointmentSection } from "@/components/section/appointmentSection";
   6 | import TeamSection from "@/components/section/TeamSection";
>  7 | import HelloAssoDon from "@/components/uvibes/HelloAssoDon";
     | ^^^^^^^^^^^^^^^^^^^^^^^^^^^^^^^^^^^^^^^^^^^^^^^^^^^^^^^^^^^^
   8 | import { buildMetadata, SITE_URL } from "@/lib/seo";
   9 | import { DotIcon } from "lucide-react";
  10 | import type { Metadata } from "next";

https://nextjs.org/docs/messages/module-not-found @ http://localhost:3000/_next/static/chunks/e00ff_next_dist_401433b6._.js:2405
[  897025ms] [ERROR] ./projects/uvibes-sitevitrine/src/app/uvibes/page.tsx:8:1
Module not found: Can't resolve '@/lib/seo'
   6 | import TeamSection from "@/components/section/TeamSection";
   7 | import HelloAssoDon from "@/components/uvibes/HelloAssoDon";
>  8 | import { buildMetadata, SITE_URL } from "@/lib/seo";
     | ^^^^^^^^^^^^^^^^^^^^^^^^^^^^^^^^^^^^^^^^^^^^^^^^^^^^
   9 | import { DotIcon } from "lucide-react";
  10 | import type { Metadata } from "next";
  11 | import Image from "next/image";

https://nextjs.org/docs/messages/module-not-found @ http://localhost:3000/_next/static/chunks/e00ff_next_dist_401433b6._.js:2405
[  897025ms] [ERROR] ./projects/uvibes-sitevitrine/src/app/blog/page.tsx:4:1
Module not found: Can't resolve '@/components/JsonLd'
  2 | import AllArticle from "@/components/blog/allArticle";
  3 | import Footer from "@/components/footer/Footer";
> 4 | import JsonLd from "@/components/JsonLd";
    | ^^^^^^^^^^^^^^^^^^^^^^^^^^^^^^^^^^^^^^^^^
  5 | import FloatingMenu from "@/components/menu/Menu";
  6 | import { buildMetadata, SITE_URL } from "@/lib/seo";
  7 | import type { Metadata } from "next";

https://nextjs.org/docs/messages/module-not-found @ http://localhost:3000/_next/static/chunks/e00ff_next_dist_401433b6._.js:2405
[  897025ms] [ERROR] ./projects/uvibes-sitevitrine/src/app/blog/page.tsx:1:1
Module not found: Can't resolve '@/components/banner/heroBanner'
> 1 | import { HeroBanner } from "@/components/banner/heroBanner";
    | ^^^^^^^^^^^^^^^^^^^^^^^^^^^^^^^^^^^^^^^^^^^^^^^^^^^^^^^^^^^^
  2 | import AllArticle from "@/components/blog/allArticle";
  3 | import Footer from "@/components/footer/Footer";
  4 | import JsonLd from "@/components/JsonLd";

https://nextjs.org/docs/messages/module-not-found @ http://localhost:3000/_next/static/chunks/e00ff_next_dist_401433b6._.js:2405
[  897025ms] [ERROR] ./projects/uvibes-sitevitrine/src/app/blog/page.tsx:2:1
Module not found: Can't resolve '@/components/blog/allArticle'
  1 | import { HeroBanner } from "@/components/banner/heroBanner";
> 2 | import AllArticle from "@/components/blog/allArticle";
    | ^^^^^^^^^^^^^^^^^^^^^^^^^^^^^^^^^^^^^^^^^^^^^^^^^^^^^^
  3 | import Footer from "@/components/footer/Footer";
  4 | import JsonLd from "@/components/JsonLd";
  5 | import FloatingMenu from "@/components/menu/Menu";

https://nextjs.org/docs/messages/module-not-found @ http://localhost:3000/_next/static/chunks/e00ff_next_dist_401433b6._.js:2405
[  897025ms] [ERROR] ./projects/uvibes-sitevitrine/src/app/blog/page.tsx:3:1
Module not found: Can't resolve '@/components/footer/Footer'
  1 | import { HeroBanner } from "@/components/banner/heroBanner";
  2 | import AllArticle from "@/components/blog/allArticle";
> 3 | import Footer from "@/components/footer/Footer";
    | ^^^^^^^^^^^^^^^^^^^^^^^^^^^^^^^^^^^^^^^^^^^^^^^^
  4 | import JsonLd from "@/components/JsonLd";
  5 | import FloatingMenu from "@/components/menu/Menu";
  6 | import { buildMetadata, SITE_URL } from "@/lib/seo";

https://nextjs.org/docs/messages/module-not-found @ http://localhost:3000/_next/static/chunks/e00ff_next_dist_401433b6._.js:2405
[  897025ms] [ERROR] ./projects/uvibes-sitevitrine/src/app/blog/page.tsx:5:1
Module not found: Can't resolve '@/components/menu/Menu'
  3 | import Footer from "@/components/footer/Footer";
  4 | import JsonLd from "@/components/JsonLd";
> 5 | import FloatingMenu from "@/components/menu/Menu";
    | ^^^^^^^^^^^^^^^^^^^^^^^^^^^^^^^^^^^^^^^^^^^^^^^^^^
  6 | import { buildMetadata, SITE_URL } from "@/lib/seo";
  7 | import type { Metadata } from "next";
  8 |

https://nextjs.org/docs/messages/module-not-found @ http://localhost:3000/_next/static/chunks/e00ff_next_dist_401433b6._.js:2405
[  897025ms] [ERROR] ./projects/uvibes-sitevitrine/src/app/blog/page.tsx:6:1
Module not found: Can't resolve '@/lib/seo'
  4 | import JsonLd from "@/components/JsonLd";
  5 | import FloatingMenu from "@/components/menu/Menu";
> 6 | import { buildMetadata, SITE_URL } from "@/lib/seo";
    | ^^^^^^^^^^^^^^^^^^^^^^^^^^^^^^^^^^^^^^^^^^^^^^^^^^^^
  7 | import type { Metadata } from "next";
  8 |
  9 | export const metadata: Metadata = buildMetadata("blog");

https://nextjs.org/docs/messages/module-not-found @ http://localhost:3000/_next/static/chunks/e00ff_next_dist_401433b6._.js:2405
[  897036ms] [LOG] [Fast Refresh] rebuilding @ http://localhost:3000/_next/static/chunks/e00ff_next_dist_client_2572762d._.js:5956
[  918076ms] [ERROR] ./projects/uvibes-sitevitrine/src/app/solution/page.tsx:4:1
Module not found: Can't resolve '@/components/JsonLd'
  2 | import { PartnerBanner } from "@/components/banner/partnerBanner";
  3 | import Footer from "@/components/footer/Footer";
> 4 | import JsonLd from "@/components/JsonLd";
    | ^^^^^^^^^^^^^^^^^^^^^^^^^^^^^^^^^^^^^^^^^
  5 | import FloatingMenu from "@/components/menu/Menu";
  6 | import { AppointmentSection } from "@/components/section/appointmentSection";
  7 | import SolutionTabs from "@/components/solution/SolutionTabs";

https://nextjs.org/docs/messages/module-not-found @ http://localhost:3000/_next/static/chunks/e00ff_next_dist_401433b6._.js:2405
[  918080ms] [ERROR] ./projects/uvibes-sitevitrine/src/app/solution/page.tsx:1:1
Module not found: Can't resolve '@/components/banner/heroBanner'
> 1 | import { HeroBanner } from "@/components/banner/heroBanner";
    | ^^^^^^^^^^^^^^^^^^^^^^^^^^^^^^^^^^^^^^^^^^^^^^^^^^^^^^^^^^^^
  2 | import { PartnerBanner } from "@/components/banner/partnerBanner";
  3 | import Footer from "@/components/footer/Footer";
  4 | import JsonLd from "@/components/JsonLd";

https://nextjs.org/docs/messages/module-not-found @ http://localhost:3000/_next/static/chunks/e00ff_next_dist_401433b6._.js:2405
[  918080ms] [ERROR] ./projects/uvibes-sitevitrine/src/app/solution/page.tsx:2:1
Module not found: Can't resolve '@/components/banner/partnerBanner'
  1 | import { HeroBanner } from "@/components/banner/heroBanner";
> 2 | import { PartnerBanner } from "@/components/banner/partnerBanner";
    | ^^^^^^^^^^^^^^^^^^^^^^^^^^^^^^^^^^^^^^^^^^^^^^^^^^^^^^^^^^^^^^^^^^
  3 | import Footer from "@/components/footer/Footer";
  4 | import JsonLd from "@/components/JsonLd";
  5 | import FloatingMenu from "@/components/menu/Menu";

https://nextjs.org/docs/messages/module-not-found @ http://localhost:3000/_next/static/chunks/e00ff_next_dist_401433b6._.js:2405
[  918080ms] [ERROR] ./projects/uvibes-sitevitrine/src/app/layout.tsx:1:1
Module not found: Can't resolve '@/components/cookieConsent'
> 1 | import CookieConsent from "@/components/cookieConsent";
    | ^^^^^^^^^^^^^^^^^^^^^^^^^^^^^^^^^^^^^^^^^^^^^^^^^^^^^^^
  2 | import MaintenanceWrapper from "@/components/maintenance/MaintenanceWrapper";
  3 | import { getMaintenanceStatus } from "@/lib/maintenanceState";
  4 | import { OG_IMAGE_DEFAULT, PAGE_SEO, SITE_NAME, SITE_URL } from "@/lib/seo";

https://nextjs.org/docs/messages/module-not-found @ http://localhost:3000/_next/static/chunks/e00ff_next_dist_401433b6._.js:2405
[  918081ms] [ERROR] ./projects/uvibes-sitevitrine/src/app/solution/page.tsx:3:1
Module not found: Can't resolve '@/components/footer/Footer'
  1 | import { HeroBanner } from "@/components/banner/heroBanner";
  2 | import { PartnerBanner } from "@/components/banner/partnerBanner";
> 3 | import Footer from "@/components/footer/Footer";
    | ^^^^^^^^^^^^^^^^^^^^^^^^^^^^^^^^^^^^^^^^^^^^^^^^
  4 | import JsonLd from "@/components/JsonLd";
  5 | import FloatingMenu from "@/components/menu/Menu";
  6 | import { AppointmentSection } from "@/components/section/appointmentSection";

https://nextjs.org/docs/messages/module-not-found @ http://localhost:3000/_next/static/chunks/e00ff_next_dist_401433b6._.js:2405
[  918081ms] [ERROR] ./projects/uvibes-sitevitrine/src/app/layout.tsx:2:1
Module not found: Can't resolve '@/components/maintenance/MaintenanceWrapper'
  1 | import CookieConsent from "@/components/cookieConsent";
> 2 | import MaintenanceWrapper from "@/components/maintenance/MaintenanceWrapper";
    | ^^^^^^^^^^^^^^^^^^^^^^^^^^^^^^^^^^^^^^^^^^^^^^^^^^^^^^^^^^^^^^^^^^^^^^^^^^^^^
  3 | import { getMaintenanceStatus } from "@/lib/maintenanceState";
  4 | import { OG_IMAGE_DEFAULT, PAGE_SEO, SITE_NAME, SITE_URL } from "@/lib/seo";
  5 | import type { Metadata } from "next";

https://nextjs.org/docs/messages/module-not-found @ http://localhost:3000/_next/static/chunks/e00ff_next_dist_401433b6._.js:2405
[  918081ms] [ERROR] ./projects/uvibes-sitevitrine/src/app/solution/page.tsx:5:1
Module not found: Can't resolve '@/components/menu/Menu'
  3 | import Footer from "@/components/footer/Footer";
  4 | import JsonLd from "@/components/JsonLd";
> 5 | import FloatingMenu from "@/components/menu/Menu";
    | ^^^^^^^^^^^^^^^^^^^^^^^^^^^^^^^^^^^^^^^^^^^^^^^^^^
  6 | import { AppointmentSection } from "@/components/section/appointmentSection";
  7 | import SolutionTabs from "@/components/solution/SolutionTabs";
  8 | import { buildMetadata, SITE_URL } from "@/lib/seo";

https://nextjs.org/docs/messages/module-not-found @ http://localhost:3000/_next/static/chunks/e00ff_next_dist_401433b6._.js:2405
[  918081ms] [ERROR] ./projects/uvibes-sitevitrine/src/app/solution/page.tsx:6:1
Module not found: Can't resolve '@/components/section/appointmentSection'
  4 | import JsonLd from "@/components/JsonLd";
  5 | import FloatingMenu from "@/components/menu/Menu";
> 6 | import { AppointmentSection } from "@/components/section/appointmentSection";
    | ^^^^^^^^^^^^^^^^^^^^^^^^^^^^^^^^^^^^^^^^^^^^^^^^^^^^^^^^^^^^^^^^^^^^^^^^^^^^^
  7 | import SolutionTabs from "@/components/solution/SolutionTabs";
  8 | import { buildMetadata, SITE_URL } from "@/lib/seo";
  9 | import type { Metadata } from "next";

https://nextjs.org/docs/messages/module-not-found @ http://localhost:3000/_next/static/chunks/e00ff_next_dist_401433b6._.js:2405
[  918081ms] [ERROR] ./projects/uvibes-sitevitrine/src/app/solution/page.tsx:7:1
Module not found: Can't resolve '@/components/solution/SolutionTabs'
   5 | import FloatingMenu from "@/components/menu/Menu";
   6 | import { AppointmentSection } from "@/components/section/appointmentSection";
>  7 | import SolutionTabs from "@/components/solution/SolutionTabs";
     | ^^^^^^^^^^^^^^^^^^^^^^^^^^^^^^^^^^^^^^^^^^^^^^^^^^^^^^^^^^^^^^
   8 | import { buildMetadata, SITE_URL } from "@/lib/seo";
   9 | import type { Metadata } from "next";
  10 |

https://nextjs.org/docs/messages/module-not-found @ http://localhost:3000/_next/static/chunks/e00ff_next_dist_401433b6._.js:2405
[  918081ms] [ERROR] ./projects/uvibes-sitevitrine/src/app/layout.tsx:3:1
Module not found: Can't resolve '@/lib/maintenanceState'
  1 | import CookieConsent from "@/components/cookieConsent";
  2 | import MaintenanceWrapper from "@/components/maintenance/MaintenanceWrapper";
> 3 | import { getMaintenanceStatus } from "@/lib/maintenanceState";
    | ^^^^^^^^^^^^^^^^^^^^^^^^^^^^^^^^^^^^^^^^^^^^^^^^^^^^^^^^^^^^^^
  4 | import { OG_IMAGE_DEFAULT, PAGE_SEO, SITE_NAME, SITE_URL } from "@/lib/seo";
  5 | import type { Metadata } from "next";
  6 | import { Roboto } from "next/font/google";

https://nextjs.org/docs/messages/module-not-found @ http://localhost:3000/_next/static/chunks/e00ff_next_dist_401433b6._.js:2405
[  918082ms] [ERROR] ./projects/uvibes-sitevitrine/src/app/layout.tsx:4:1
Module not found: Can't resolve '@/lib/seo'
  2 | import MaintenanceWrapper from "@/components/maintenance/MaintenanceWrapper";
  3 | import { getMaintenanceStatus } from "@/lib/maintenanceState";
> 4 | import { OG_IMAGE_DEFAULT, PAGE_SEO, SITE_NAME, SITE_URL } from "@/lib/seo";
    | ^^^^^^^^^^^^^^^^^^^^^^^^^^^^^^^^^^^^^^^^^^^^^^^^^^^^^^^^^^^^^^^^^^^^^^^^^^^^
  5 | import type { Metadata } from "next";
  6 | import { Roboto } from "next/font/google";
  7 | import Script from "next/script";

https://nextjs.org/docs/messages/module-not-found @ http://localhost:3000/_next/static/chunks/e00ff_next_dist_401433b6._.js:2405
[  918082ms] [ERROR] ./projects/uvibes-sitevitrine/src/app/solution/page.tsx:8:1
Module not found: Can't resolve '@/lib/seo'
   6 | import { AppointmentSection } from "@/components/section/appointmentSection";
   7 | import SolutionTabs from "@/components/solution/SolutionTabs";
>  8 | import { buildMetadata, SITE_URL } from "@/lib/seo";
     | ^^^^^^^^^^^^^^^^^^^^^^^^^^^^^^^^^^^^^^^^^^^^^^^^^^^^
   9 | import type { Metadata } from "next";
  10 |
  11 | export const metadata: Metadata = buildMetadata("solution");

https://nextjs.org/docs/messages/module-not-found @ http://localhost:3000/_next/static/chunks/e00ff_next_dist_401433b6._.js:2405
[  918082ms] [ERROR] ./projects/uvibes-sitevitrine/src/app/page.tsx:1:1
Module not found: Can't resolve '@/components/banner/HeroContent'
> 1 | import HeroContent from "@/components/banner/HeroContent";
    | ^^^^^^^^^^^^^^^^^^^^^^^^^^^^^^^^^^^^^^^^^^^^^^^^^^^^^^^^^^
  2 | import Contact from "@/components/contact/contact";
  3 | import Footer from "@/components/footer/Footer";
  4 | import FloatingMenu from "@/components/menu/Menu";

https://nextjs.org/docs/messages/module-not-found @ http://localhost:3000/_next/static/chunks/e00ff_next_dist_401433b6._.js:2405
[  918083ms] [ERROR] ./projects/uvibes-sitevitrine/src/app/page.tsx:7:1
Module not found: Can't resolve '@/components/cards/userNumberCard'
   5 | import FeaturedArticles from "@/components/section/FeaturedArticles";
   6 |
>  7 | import UserNumberCard from "@/components/cards/userNumberCard";
     | ^^^^^^^^^^^^^^^^^^^^^^^^^^^^^^^^^^^^^^^^^^^^^^^^^^^^^^^^^^^^^^^
   8 | import VideoCard from "@/components/cards/videoCard";
   9 | import { PartnerCarousel } from "@/components/carousel/PartnerCarousel";
  10 | import HowItWorks from "@/components/section/HowItWorks";

https://nextjs.org/docs/messages/module-not-found @ http://localhost:3000/_next/static/chunks/e00ff_next_dist_401433b6._.js:2405
[  918084ms] [ERROR] ./projects/uvibes-sitevitrine/src/app/page.tsx:8:1
Module not found: Can't resolve '@/components/cards/videoCard'
   6 |
   7 | import UserNumberCard from "@/components/cards/userNumberCard";
>  8 | import VideoCard from "@/components/cards/videoCard";
     | ^^^^^^^^^^^^^^^^^^^^^^^^^^^^^^^^^^^^^^^^^^^^^^^^^^^^^
   9 | import { PartnerCarousel } from "@/components/carousel/PartnerCarousel";
  10 | import HowItWorks from "@/components/section/HowItWorks";
  11 | import AvantagesHome from "@/components/section/AvantagesHome";

https://nextjs.org/docs/messages/module-not-found @ http://localhost:3000/_next/static/chunks/e00ff_next_dist_401433b6._.js:2405
[  918084ms] [ERROR] ./projects/uvibes-sitevitrine/src/app/page.tsx:9:1
Module not found: Can't resolve '@/components/carousel/PartnerCarousel'
   7 | import UserNumberCard from "@/components/cards/userNumberCard";
   8 | import VideoCard from "@/components/cards/videoCard";
>  9 | import { PartnerCarousel } from "@/components/carousel/PartnerCarousel";
     | ^^^^^^^^^^^^^^^^^^^^^^^^^^^^^^^^^^^^^^^^^^^^^^^^^^^^^^^^^^^^^^^^^^^^^^^^
  10 | import HowItWorks from "@/components/section/HowItWorks";
  11 | import AvantagesHome from "@/components/section/AvantagesHome";
  12 | import WhyUvibes from "@/components/section/WhyUvibes";

https://nextjs.org/docs/messages/module-not-found @ http://localhost:3000/_next/static/chunks/e00ff_next_dist_401433b6._.js:2405
[  918084ms] [ERROR] ./projects/uvibes-sitevitrine/src/app/page.tsx:2:1
Module not found: Can't resolve '@/components/contact/contact'
  1 | import HeroContent from "@/components/banner/HeroContent";
> 2 | import Contact from "@/components/contact/contact";
    | ^^^^^^^^^^^^^^^^^^^^^^^^^^^^^^^^^^^^^^^^^^^^^^^^^^^
  3 | import Footer from "@/components/footer/Footer";
  4 | import FloatingMenu from "@/components/menu/Menu";
  5 | import FeaturedArticles from "@/components/section/FeaturedArticles";

https://nextjs.org/docs/messages/module-not-found @ http://localhost:3000/_next/static/chunks/e00ff_next_dist_401433b6._.js:2405
[  918084ms] [ERROR] ./projects/uvibes-sitevitrine/src/app/page.tsx:3:1
Module not found: Can't resolve '@/components/footer/Footer'
  1 | import HeroContent from "@/components/banner/HeroContent";
  2 | import Contact from "@/components/contact/contact";
> 3 | import Footer from "@/components/footer/Footer";
    | ^^^^^^^^^^^^^^^^^^^^^^^^^^^^^^^^^^^^^^^^^^^^^^^^
  4 | import FloatingMenu from "@/components/menu/Menu";
  5 | import FeaturedArticles from "@/components/section/FeaturedArticles";
  6 |

https://nextjs.org/docs/messages/module-not-found @ http://localhost:3000/_next/static/chunks/e00ff_next_dist_401433b6._.js:2405
[  918084ms] [ERROR] ./projects/uvibes-sitevitrine/src/app/page.tsx:4:1
Module not found: Can't resolve '@/components/menu/Menu'
  2 | import Contact from "@/components/contact/contact";
  3 | import Footer from "@/components/footer/Footer";
> 4 | import FloatingMenu from "@/components/menu/Menu";
    | ^^^^^^^^^^^^^^^^^^^^^^^^^^^^^^^^^^^^^^^^^^^^^^^^^^
  5 | import FeaturedArticles from "@/components/section/FeaturedArticles";
  6 |
  7 | import UserNumberCard from "@/components/cards/userNumberCard";

https://nextjs.org/docs/messages/module-not-found @ http://localhost:3000/_next/static/chunks/e00ff_next_dist_401433b6._.js:2405
[  918084ms] [ERROR] ./projects/uvibes-sitevitrine/src/app/page.tsx:11:1
Module not found: Can't resolve '@/components/section/AvantagesHome'
   9 | import { PartnerCarousel } from "@/components/carousel/PartnerCarousel";
  10 | import HowItWorks from "@/components/section/HowItWorks";
> 11 | import AvantagesHome from "@/components/section/AvantagesHome";
     | ^^^^^^^^^^^^^^^^^^^^^^^^^^^^^^^^^^^^^^^^^^^^^^^^^^^^^^^^^^^^^^^
  12 | import WhyUvibes from "@/components/section/WhyUvibes";
  13 | import Testimony from "@/components/testimony/testimony";
  14 | import { BenefitsHomeSection } from "../components/section/BenefitsHomeSection";

https://nextjs.org/docs/messages/module-not-found @ http://localhost:3000/_next/static/chunks/e00ff_next_dist_401433b6._.js:2405
[  918084ms] [ERROR] ./projects/uvibes-sitevitrine/src/app/page.tsx:5:1
Module not found: Can't resolve '@/components/section/FeaturedArticles'
  3 | import Footer from "@/components/footer/Footer";
  4 | import FloatingMenu from "@/components/menu/Menu";
> 5 | import FeaturedArticles from "@/components/section/FeaturedArticles";
    | ^^^^^^^^^^^^^^^^^^^^^^^^^^^^^^^^^^^^^^^^^^^^^^^^^^^^^^^^^^^^^^^^^^^^^
  6 |
  7 | import UserNumberCard from "@/components/cards/userNumberCard";
  8 | import VideoCard from "@/components/cards/videoCard";

https://nextjs.org/docs/messages/module-not-found @ http://localhost:3000/_next/static/chunks/e00ff_next_dist_401433b6._.js:2405
[  918084ms] [ERROR] ./projects/uvibes-sitevitrine/src/app/page.tsx:10:1
Module not found: Can't resolve '@/components/section/HowItWorks'
   8 | import VideoCard from "@/components/cards/videoCard";
   9 | import { PartnerCarousel } from "@/components/carousel/PartnerCarousel";
> 10 | import HowItWorks from "@/components/section/HowItWorks";
     | ^^^^^^^^^^^^^^^^^^^^^^^^^^^^^^^^^^^^^^^^^^^^^^^^^^^^^^^^^
  11 | import AvantagesHome from "@/components/section/AvantagesHome";
  12 | import WhyUvibes from "@/components/section/WhyUvibes";
  13 | import Testimony from "@/components/testimony/testimony";

https://nextjs.org/docs/messages/module-not-found @ http://localhost:3000/_next/static/chunks/e00ff_next_dist_401433b6._.js:2405
[  918084ms] [ERROR] ./projects/uvibes-sitevitrine/src/app/page.tsx:12:1
Module not found: Can't resolve '@/components/section/WhyUvibes'
  10 | import HowItWorks from "@/components/section/HowItWorks";
  11 | import AvantagesHome from "@/components/section/AvantagesHome";
> 12 | import WhyUvibes from "@/components/section/WhyUvibes";
     | ^^^^^^^^^^^^^^^^^^^^^^^^^^^^^^^^^^^^^^^^^^^^^^^^^^^^^^^
  13 | import Testimony from "@/components/testimony/testimony";
  14 | import { BenefitsHomeSection } from "../components/section/BenefitsHomeSection";
  15 | const mockupHome = "/images/mochupHome.png";

https://nextjs.org/docs/messages/module-not-found @ http://localhost:3000/_next/static/chunks/e00ff_next_dist_401433b6._.js:2405
[  918084ms] [ERROR] ./projects/uvibes-sitevitrine/src/app/page.tsx:13:1
Module not found: Can't resolve '@/components/testimony/testimony'
  11 | import AvantagesHome from "@/components/section/AvantagesHome";
  12 | import WhyUvibes from "@/components/section/WhyUvibes";
> 13 | import Testimony from "@/components/testimony/testimony";
     | ^^^^^^^^^^^^^^^^^^^^^^^^^^^^^^^^^^^^^^^^^^^^^^^^^^^^^^^^^
  14 | import { BenefitsHomeSection } from "../components/section/BenefitsHomeSection";
  15 | const mockupHome = "/images/mochupHome.png";
  16 |

https://nextjs.org/docs/messages/module-not-found @ http://localhost:3000/_next/static/chunks/e00ff_next_dist_401433b6._.js:2405
[  918085ms] [ERROR] ./projects/uvibes-sitevitrine/src/app/page.tsx:17:1
Module not found: Can't resolve '@/services/home/fetchHomeContent'
  15 | const mockupHome = "/images/mochupHome.png";
  16 |
> 17 | import { fetchHomeContent } from "@/services/home/fetchHomeContent";
     | ^^^^^^^^^^^^^^^^^^^^^^^^^^^^^^^^^^^^^^^^^^^^^^^^^^^^^^^^^^^^^^^^^^^^
  18 |
  19 | // Server Component — le fetch WordPress se fait côté serveur, le HTML est pré-rempli pour le SEO
  20 | export default async function Home() {

https://nextjs.org/docs/messages/module-not-found @ http://localhost:3000/_next/static/chunks/e00ff_next_dist_401433b6._.js:2405
[  918085ms] [ERROR] ./projects/uvibes-sitevitrine/src/app/uvibes/page.tsx:3:1
Module not found: Can't resolve '@/components/JsonLd'
  1 | import { HeroBanner } from "@/components/banner/heroBanner";
  2 | import Footer from "@/components/footer/Footer";
> 3 | import JsonLd from "@/components/JsonLd";
    | ^^^^^^^^^^^^^^^^^^^^^^^^^^^^^^^^^^^^^^^^^
  4 | import FloatingMenu from "@/components/menu/Menu";
  5 | import { AppointmentSection } from "@/components/section/appointmentSection";
  6 | import TeamSection from "@/components/section/TeamSection";

https://nextjs.org/docs/messages/module-not-found @ http://localhost:3000/_next/static/chunks/e00ff_next_dist_401433b6._.js:2405
[  918085ms] [ERROR] ./projects/uvibes-sitevitrine/src/app/uvibes/page.tsx:1:1
Module not found: Can't resolve '@/components/banner/heroBanner'
> 1 | import { HeroBanner } from "@/components/banner/heroBanner";
    | ^^^^^^^^^^^^^^^^^^^^^^^^^^^^^^^^^^^^^^^^^^^^^^^^^^^^^^^^^^^^
  2 | import Footer from "@/components/footer/Footer";
  3 | import JsonLd from "@/components/JsonLd";
  4 | import FloatingMenu from "@/components/menu/Menu";

https://nextjs.org/docs/messages/module-not-found @ http://localhost:3000/_next/static/chunks/e00ff_next_dist_401433b6._.js:2405
[  918085ms] [ERROR] ./projects/uvibes-sitevitrine/src/app/uvibes/page.tsx:2:1
Module not found: Can't resolve '@/components/footer/Footer'
  1 | import { HeroBanner } from "@/components/banner/heroBanner";
> 2 | import Footer from "@/components/footer/Footer";
    | ^^^^^^^^^^^^^^^^^^^^^^^^^^^^^^^^^^^^^^^^^^^^^^^^
  3 | import JsonLd from "@/components/JsonLd";
  4 | import FloatingMenu from "@/components/menu/Menu";
  5 | import { AppointmentSection } from "@/components/section/appointmentSection";

https://nextjs.org/docs/messages/module-not-found @ http://localhost:3000/_next/static/chunks/e00ff_next_dist_401433b6._.js:2405
[  918085ms] [ERROR] ./projects/uvibes-sitevitrine/src/app/uvibes/page.tsx:4:1
Module not found: Can't resolve '@/components/menu/Menu'
  2 | import Footer from "@/components/footer/Footer";
  3 | import JsonLd from "@/components/JsonLd";
> 4 | import FloatingMenu from "@/components/menu/Menu";
    | ^^^^^^^^^^^^^^^^^^^^^^^^^^^^^^^^^^^^^^^^^^^^^^^^^^
  5 | import { AppointmentSection } from "@/components/section/appointmentSection";
  6 | import TeamSection from "@/components/section/TeamSection";
  7 | import HelloAssoDon from "@/components/uvibes/HelloAssoDon";

https://nextjs.org/docs/messages/module-not-found @ http://localhost:3000/_next/static/chunks/e00ff_next_dist_401433b6._.js:2405
[  918085ms] [ERROR] ./projects/uvibes-sitevitrine/src/app/uvibes/page.tsx:6:1
Module not found: Can't resolve '@/components/section/TeamSection'
  4 | import FloatingMenu from "@/components/menu/Menu";
  5 | import { AppointmentSection } from "@/components/section/appointmentSection";
> 6 | import TeamSection from "@/components/section/TeamSection";
    | ^^^^^^^^^^^^^^^^^^^^^^^^^^^^^^^^^^^^^^^^^^^^^^^^^^^^^^^^^^^
  7 | import HelloAssoDon from "@/components/uvibes/HelloAssoDon";
  8 | import { buildMetadata, SITE_URL } from "@/lib/seo";
  9 | import { DotIcon } from "lucide-react";

https://nextjs.org/docs/messages/module-not-found @ http://localhost:3000/_next/static/chunks/e00ff_next_dist_401433b6._.js:2405
[  918085ms] [ERROR] ./projects/uvibes-sitevitrine/src/app/uvibes/page.tsx:5:1
Module not found: Can't resolve '@/components/section/appointmentSection'
  3 | import JsonLd from "@/components/JsonLd";
  4 | import FloatingMenu from "@/components/menu/Menu";
> 5 | import { AppointmentSection } from "@/components/section/appointmentSection";
    | ^^^^^^^^^^^^^^^^^^^^^^^^^^^^^^^^^^^^^^^^^^^^^^^^^^^^^^^^^^^^^^^^^^^^^^^^^^^^^
  6 | import TeamSection from "@/components/section/TeamSection";
  7 | import HelloAssoDon from "@/components/uvibes/HelloAssoDon";
  8 | import { buildMetadata, SITE_URL } from "@/lib/seo";

https://nextjs.org/docs/messages/module-not-found @ http://localhost:3000/_next/static/chunks/e00ff_next_dist_401433b6._.js:2405
[  918085ms] [ERROR] ./projects/uvibes-sitevitrine/src/app/uvibes/page.tsx:7:1
Module not found: Can't resolve '@/components/uvibes/HelloAssoDon'
   5 | import { AppointmentSection } from "@/components/section/appointmentSection";
   6 | import TeamSection from "@/components/section/TeamSection";
>  7 | import HelloAssoDon from "@/components/uvibes/HelloAssoDon";
     | ^^^^^^^^^^^^^^^^^^^^^^^^^^^^^^^^^^^^^^^^^^^^^^^^^^^^^^^^^^^^
   8 | import { buildMetadata, SITE_URL } from "@/lib/seo";
   9 | import { DotIcon } from "lucide-react";
  10 | import type { Metadata } from "next";

https://nextjs.org/docs/messages/module-not-found @ http://localhost:3000/_next/static/chunks/e00ff_next_dist_401433b6._.js:2405
[  918085ms] [ERROR] ./projects/uvibes-sitevitrine/src/app/uvibes/page.tsx:8:1
Module not found: Can't resolve '@/lib/seo'
   6 | import TeamSection from "@/components/section/TeamSection";
   7 | import HelloAssoDon from "@/components/uvibes/HelloAssoDon";
>  8 | import { buildMetadata, SITE_URL } from "@/lib/seo";
     | ^^^^^^^^^^^^^^^^^^^^^^^^^^^^^^^^^^^^^^^^^^^^^^^^^^^^
   9 | import { DotIcon } from "lucide-react";
  10 | import type { Metadata } from "next";
  11 | import Image from "next/image";

https://nextjs.org/docs/messages/module-not-found @ http://localhost:3000/_next/static/chunks/e00ff_next_dist_401433b6._.js:2405
[  918086ms] [ERROR] ./projects/uvibes-sitevitrine/src/app/blog/page.tsx:4:1
Module not found: Can't resolve '@/components/JsonLd'
  2 | import AllArticle from "@/components/blog/allArticle";
  3 | import Footer from "@/components/footer/Footer";
> 4 | import JsonLd from "@/components/JsonLd";
    | ^^^^^^^^^^^^^^^^^^^^^^^^^^^^^^^^^^^^^^^^^
  5 | import FloatingMenu from "@/components/menu/Menu";
  6 | import { buildMetadata, SITE_URL } from "@/lib/seo";
  7 | import type { Metadata } from "next";

https://nextjs.org/docs/messages/module-not-found @ http://localhost:3000/_next/static/chunks/e00ff_next_dist_401433b6._.js:2405
[  918086ms] [ERROR] ./projects/uvibes-sitevitrine/src/app/blog/page.tsx:1:1
Module not found: Can't resolve '@/components/banner/heroBanner'
> 1 | import { HeroBanner } from "@/components/banner/heroBanner";
    | ^^^^^^^^^^^^^^^^^^^^^^^^^^^^^^^^^^^^^^^^^^^^^^^^^^^^^^^^^^^^
  2 | import AllArticle from "@/components/blog/allArticle";
  3 | import Footer from "@/components/footer/Footer";
  4 | import JsonLd from "@/components/JsonLd";

https://nextjs.org/docs/messages/module-not-found @ http://localhost:3000/_next/static/chunks/e00ff_next_dist_401433b6._.js:2405
[  918086ms] [ERROR] ./projects/uvibes-sitevitrine/src/app/blog/page.tsx:2:1
Module not found: Can't resolve '@/components/blog/allArticle'
  1 | import { HeroBanner } from "@/components/banner/heroBanner";
> 2 | import AllArticle from "@/components/blog/allArticle";
    | ^^^^^^^^^^^^^^^^^^^^^^^^^^^^^^^^^^^^^^^^^^^^^^^^^^^^^^
  3 | import Footer from "@/components/footer/Footer";
  4 | import JsonLd from "@/components/JsonLd";
  5 | import FloatingMenu from "@/components/menu/Menu";

https://nextjs.org/docs/messages/module-not-found @ http://localhost:3000/_next/static/chunks/e00ff_next_dist_401433b6._.js:2405
[  918086ms] [ERROR] ./projects/uvibes-sitevitrine/src/app/blog/page.tsx:3:1
Module not found: Can't resolve '@/components/footer/Footer'
  1 | import { HeroBanner } from "@/components/banner/heroBanner";
  2 | import AllArticle from "@/components/blog/allArticle";
> 3 | import Footer from "@/components/footer/Footer";
    | ^^^^^^^^^^^^^^^^^^^^^^^^^^^^^^^^^^^^^^^^^^^^^^^^
  4 | import JsonLd from "@/components/JsonLd";
  5 | import FloatingMenu from "@/components/menu/Menu";
  6 | import { buildMetadata, SITE_URL } from "@/lib/seo";

https://nextjs.org/docs/messages/module-not-found @ http://localhost:3000/_next/static/chunks/e00ff_next_dist_401433b6._.js:2405
[  918086ms] [ERROR] ./projects/uvibes-sitevitrine/src/app/blog/page.tsx:5:1
Module not found: Can't resolve '@/components/menu/Menu'
  3 | import Footer from "@/components/footer/Footer";
  4 | import JsonLd from "@/components/JsonLd";
> 5 | import FloatingMenu from "@/components/menu/Menu";
    | ^^^^^^^^^^^^^^^^^^^^^^^^^^^^^^^^^^^^^^^^^^^^^^^^^^
  6 | import { buildMetadata, SITE_URL } from "@/lib/seo";
  7 | import type { Metadata } from "next";
  8 |

https://nextjs.org/docs/messages/module-not-found @ http://localhost:3000/_next/static/chunks/e00ff_next_dist_401433b6._.js:2405
[  918086ms] [ERROR] ./projects/uvibes-sitevitrine/src/app/blog/page.tsx:6:1
Module not found: Can't resolve '@/lib/seo'
  4 | import JsonLd from "@/components/JsonLd";
  5 | import FloatingMenu from "@/components/menu/Menu";
> 6 | import { buildMetadata, SITE_URL } from "@/lib/seo";
    | ^^^^^^^^^^^^^^^^^^^^^^^^^^^^^^^^^^^^^^^^^^^^^^^^^^^^
  7 | import type { Metadata } from "next";
  8 |
  9 | export const metadata: Metadata = buildMetadata("blog");

https://nextjs.org/docs/messages/module-not-found @ http://localhost:3000/_next/static/chunks/e00ff_next_dist_401433b6._.js:2405
[  918096ms] [LOG] [Fast Refresh] rebuilding @ http://localhost:3000/_next/static/chunks/e00ff_next_dist_client_2572762d._.js:5956
